,user id,screen_name,account creation date,location,is_verified
0,1408641584376303616,GranTurismo7_,2021-06-26 04:24:40+00:00,,False
1,1439110665067798530,ForzaHorizon_5,2021-09-18 06:17:19+00:00,,False
2,85686720,motorrange,2009-10-27 23:03:28+00:00,"Liverpool, UK",False
3,636148585,all_serena,2012-07-15 12:21:16+00:00,,False
4,940277332308262913,EliteRepairFL,2017-12-11 17:49:20+00:00,"Boca Raton & Delray Beach, FL",False
5,2233441802,Crypto_SI,2013-12-06 19:35:45+00:00,Metaverse,False
6,1468620673115373569,F1_news_bot,2021-12-08 16:37:22+00:00,Cloud,False
7,1189546047313461248,Pih981,2019-10-30 14:17:07+00:00,,False
8,737099436,autosmotosnet,2012-08-04 17:26:33+00:00,Belgium,False
9,731149640175865856,930RB,2016-05-13 15:50:33+00:00,,False
10,974210331231838208,KCDsocialmedia,2018-03-15 09:06:57+00:00,"Lexington, KY",False
11,412563067,ozmarck,2011-11-14 21:12:20+00:00,Peru,False
12,89098742,racerxmas,2009-11-11 03:39:49+00:00,"Detroit, MI",False
13,174708192,GreenwichBenz,2010-08-04 16:33:50+00:00,"Greenwich, CT",False
14,955555709105524736,nanasebz,2018-01-22 21:40:09+00:00,Ëµ§„Å®Èªí„ÅÆÂãáËÄÖ„ÅÆË°ó,False
15,249035223,weikai615,2011-02-08 06:36:08+00:00,,False
16,1438667559688097796,LuxuryChasers,2021-09-17 00:54:23+00:00,"Atlanta, GA",False
17,811690503045517313,GarethPNE_,2016-12-21 21:51:11+00:00,"England, United Kingdom",False
18,1069183776,cleanmattrucks1,2013-01-07 21:07:32+00:00,Andelst,False
19,75992240,MotorsportTV_UK,2009-09-21 09:23:15+00:00,London - Paris - Miami,False
20,1183340056054026240,ingecarlosdean,2019-10-13 11:14:27+00:00,"Corrientes, Argentina",False
21,1285301984,triptube,2013-03-21 07:08:53+00:00,Berlin/Germany,False
22,93194555,alexsimonelis,2009-11-28 14:36:55+00:00,Montreal,False
23,1468620673115373569,F1_news_bot,2021-12-08 16:37:22+00:00,Cloud,False
24,1241166328951492609,PreMedStruddy,2020-03-21 00:55:19+00:00,"Edmonton, Alberta",False
25,1359244937779380230,Racingnews365C,2021-02-09 20:57:12+00:00,United Kingdom,False
26,737099436,autosmotosnet,2012-08-04 17:26:33+00:00,Belgium,False
27,1215439825605734400,KF1SG65,2020-01-10 01:07:01+00:00,United States,False
28,1468620673115373569,F1_news_bot,2021-12-08 16:37:22+00:00,Cloud,False
29,909449132938547200,formula_2021,2017-09-17 16:09:04+00:00,Italy,False
30,228600671,DominicanoSoyDR,2010-12-20 05:17:32+00:00,,False
31,2500113494,f1fantwo,2014-05-16 23:23:17+00:00,Worldwide,False
32,1491356974218452992,mygvalimo,2022-02-09 10:23:15+00:00,Gen√®ve,False
33,1491356974218452992,mygvalimo,2022-02-09 10:23:15+00:00,Gen√®ve,False
34,1491356974218452992,mygvalimo,2022-02-09 10:23:15+00:00,Gen√®ve,False
35,1491356974218452992,mygvalimo,2022-02-09 10:23:15+00:00,Gen√®ve,False
36,1491356974218452992,mygvalimo,2022-02-09 10:23:15+00:00,Gen√®ve,False
37,1477573071934476289,MBPASSION_DE,2022-01-02 09:31:08+00:00,Germany,False
38,1285301984,triptube,2013-03-21 07:08:53+00:00,Berlin/Germany,False
39,1482294703,DeviantDealer,2013-06-04 13:23:04+00:00,"Lenasia, South Africa",False
40,913195253208772608,sprinterokc,2017-09-28 00:14:49+00:00,"Oklahoma City, OK",False
41,1363354952,Dk28Classic,2013-04-19 01:58:26+00:00,"New Jersey, USA",False
42,54331771,Voyagerairports,2009-07-06 21:02:15+00:00,"Northamptonshire, UK",False
43,404558671,LuisJFlorentino,2011-11-04 02:53:50+00:00,Somewhere in DR,False
44,833380993,DriveCardFuel,2012-09-19 13:52:50+00:00,Southport & Otley ,False
45,57353465,hlawiczka,2009-07-16 14:53:22+00:00,Czech Republic,False
46,493231414,shaggy0029,2012-02-15 15:45:35+00:00,OHIO,False
47,1518781062570250246,Aliz3n3,2022-04-26 02:37:22+00:00,"New York, USA",False
48,700681041229516800,jermain245,2016-02-19 13:59:13+00:00,,False
49,579989054,RaceWeatherTech,2012-05-14 15:51:21+00:00,United States,True
50,783264572165787648,carleasecompany,2016-10-04 11:16:41+00:00,United Kingdom,False
51,783264572165787648,carleasecompany,2016-10-04 11:16:41+00:00,United Kingdom,False
52,721548259664269313,FedeWilder,2016-04-17 03:58:05+00:00,Around the world!,False
53,2780272562,Formula1circus,2014-08-30 09:16:27+00:00,"Hampshire, England",False
54,14709555,rurisan,2008-05-09 04:02:18+00:00,,False
55,1057509841202302976,projectmaynard1,2018-10-31 05:49:28+00:00,"Cameron, TX",False
56,1371059318410375172,ahmed42911,2021-03-14 11:23:22+00:00,,False
57,703967220054024192,Inverter_cars,2016-02-28 15:37:19+00:00,"Manston, Kent",False
58,3369863893,asautopartsNC,2015-08-28 11:05:50+00:00,"Winston-Salem, NC",False
59,1051649960,Fabriciosx,2013-01-01 02:32:07+00:00,Rio de janeiro,False
60,1043492951349972992,TheTecEra,2018-09-22 13:31:21+00:00,Singapore,False
61,1112875661138579456,whatisbestnow,2019-04-02 00:33:28+00:00,"Los Angeles, CA",False
62,1112875661138579456,whatisbestnow,2019-04-02 00:33:28+00:00,"Los Angeles, CA",False
63,1112875661138579456,whatisbestnow,2019-04-02 00:33:28+00:00,"Los Angeles, CA",False
64,2300501173,BestTLD,2014-01-20 00:01:03+00:00,,False
65,2300501173,BestTLD,2014-01-20 00:01:03+00:00,,False
66,2338348428,FremontCyril,2014-02-11 13:07:06+00:00,"Paris, France",False
67,2362425167,BChojolan,2014-02-24 07:28:31+00:00,,False
68,636148585,all_serena,2012-07-15 12:21:16+00:00,,False
69,1701799962,INSIDERACINGcom,2013-08-26 12:43:07+00:00,,False
70,1406465999201730561,Sanjeev70051884,2021-06-20 04:16:55+00:00,,False
71,938489083,JmarrMarr,2012-11-10 06:13:05+00:00,,False
72,541823736,Jummai_a,2012-03-31 15:22:24+00:00,Ben‚Äôs house in melbourne,False
73,804774084982800384,sarahschifmann,2016-12-02 19:47:48+00:00,The Netherlands,False
74,1729835995,Mike_Sabakachi,2013-09-04 20:20:27+00:00,Nairobi,False
75,1145714058223505408,Sky_Artz_,2019-07-01 15:21:32+00:00,"Johore, Malaysia",False
76,414089911,RobynLambert93,2011-11-16 16:28:48+00:00,"Glasgow, Scotland üìç",False
77,950076837996134402,IvanMilitante,2018-01-07 18:49:04+00:00,,False
78,603219141,CJSchecter96,2012-06-08 23:09:50+00:00,Earf,False
79,1446703731475722241,td_motor_car,2021-10-09 05:07:34+00:00,United States,False
80,1046386917271633923,RKI_25,2018-09-30 13:10:56+00:00,Ireland,False
81,496276859,MatthewOwensPxP,2012-02-18 19:57:11+00:00,A Sporting Event Near You,False
82,1503874779895402497,DareynF1,2022-03-15 23:24:51+00:00,Canada,False
83,2491601406,Rasco213,2014-05-12 15:33:06+00:00,"Pasadena, CA",False
84,1543874015206559747,F1Insider_,2022-07-04 08:27:18+00:00,,False
85,750499122,VizardsHollow,2012-08-11 02:42:19+00:00,"‡∏Å‡∏£‡∏∏‡∏á‡πÄ‡∏ó‡∏û‡∏°‡∏´‡∏≤‡∏ô‡∏Ñ‡∏£, ‡∏õ‡∏£‡∏∞‡πÄ‡∏ó‡∏®‡πÑ‡∏ó‡∏¢",False
86,1358166544535212040,AkaczF1,2021-02-06 21:32:13+00:00,,False
87,1176640496,SteveStevens47,2013-02-13 19:36:52+00:00,üî¥üî¥,False
88,1537539963243401216,bee963287336,2022-06-16 20:58:08+00:00,ü§çüñ§,False
89,1446967581710159873,Tipsbets_,2021-10-09 22:35:38+00:00,,False
90,3224355199,Rilian__,2015-05-23 14:10:20+00:00,,False
91,1527832858190045184,amizelat1972,2022-05-21 02:05:24+00:00,,False
92,1482294703,DeviantDealer,2013-06-04 13:23:04+00:00,"Lenasia, South Africa",False
93,723488722637959168,Imexpart_Ltd,2016-04-22 12:28:48+00:00,United Kingdom,False
94,1283357693080731648,LukasPobis,2020-07-15 11:08:21+00:00,,False
95,1498317829220802569,KONIglobal,2022-02-28 15:23:56+00:00,,False
96,1184462628250361856,188Bet,2019-10-16 13:34:48+00:00,,False
97,4241729915,CondeQuevedo,2015-11-21 11:30:58+00:00,Madrid - Galiza - Asturies,False
98,1280500322662842370,CorneredCtizen,2020-07-07 13:54:12+00:00,"Mysore, India",False
99,1381662915518947334,stephan_coen,2021-04-12 17:38:57+00:00,"Montr√©al, Qu√©bec",False
100,1327617760138956801,holomate1,2020-11-14 14:22:11+00:00,,False
101,1216365851911294977,JennyBandicoot,2020-01-12 14:26:40+00:00,"Genova, Italy - Leeds|Boro, UK",False
102,406501164,MuhammadAHelmy,2011-11-06 20:01:06+00:00,,False
103,202678963,josuedfritz,2010-10-14 15:48:32+00:00,Any part of the world,False
104,1540112003108425728,Toni34462832,2022-06-23 23:18:24+00:00,Wien und Wald ü•ù,False
105,36339032,Motorsport,2009-04-29 11:48:30+00:00,Miami,True
106,284021467,BlackburnLife,2011-04-18 13:32:40+00:00,"Blackburn, Lancashire, UK",False
107,1404092088900259846,MarieMelson13,2021-06-13 15:03:45+00:00,,False
108,1341992300021383168,viv_sharma2,2020-12-24 06:21:31+00:00,,False
109,412340513,Julietmarshy,2011-11-14 15:23:19+00:00,England,False
110,412340513,Julietmarshy,2011-11-14 15:23:19+00:00,England,False
111,866355569552130049,CgeGarageDyce,2017-05-21 18:10:38+00:00,"Aberdeen, Scotland",False
112,852440385695629312,propelauto,2017-04-13 08:36:40+00:00,Singapore,False
113,1398072913694105601,V2Vcds,2021-05-28 00:25:51+00:00,,False
114,1461629157608243203,PdeJnewz,2021-11-19 09:35:38+00:00,The Netherlands ,False
115,1489555384515936262,AutomotiveBtn,2022-02-04 11:04:21+00:00,"Furnace Lane, Wellingborough ",False
116,2277866130,gunhillstudios1,2014-01-05 17:15:26+00:00,"South East, England",False
117,48350617,MMGMercedesBenz,2009-06-18 13:35:40+00:00,9 locations in the UK,False
118,2341685041,tsauction,2014-02-13 09:18:40+00:00,"Reading, England",False
119,960771844318969856,JovaWheels,2018-02-06 07:07:12+00:00,"Âπø‰∏ú, ‰∏≠Âçé‰∫∫Ê∞ëÂÖ±ÂíåÂõΩ",False
120,1356024306967470080,CamberSportsF1,2021-01-31 23:39:31+00:00,,False
121,1103810267291570182,serdarsz3,2019-03-08 00:10:50+00:00,The Netherlands,False
122,1189546047313461248,Pih981,2019-10-30 14:17:07+00:00,,False
123,737099436,autosmotosnet,2012-08-04 17:26:33+00:00,Belgium,False
124,57353465,hlawiczka,2009-07-16 14:53:22+00:00,Czech Republic,False
125,1524402752608157699,austogautohub,2022-05-11 14:55:49+00:00, Shop A11 Apo Realsttment Powa,False
126,1197688915768967169,qauto3,2019-11-22 01:31:40+00:00,Japan,False
127,1540648426165223427,sorn_to_die,2022-06-25 10:50:18+00:00,,False
128,1482294703,DeviantDealer,2013-06-04 13:23:04+00:00,"Lenasia, South Africa",False
129,1096110633811169281,JordanMather5,2019-02-14 18:15:14+00:00,,False
130,1221822260,MSportMonday,2013-02-26 14:01:46+00:00,At a race track near you...,False
131,27343080,MotorsportWeek,2009-03-29 00:27:29+00:00,Worldwide,False
132,1701799962,INSIDERACINGcom,2013-08-26 12:43:07+00:00,,False
133,1512049436117118992,Ibrahimkha664,2022-04-07 12:47:48+00:00,"Niger, Nigeria",False
134,837353689769619457,EthosofHype,2017-03-02 17:27:31+00:00,Worldwide,False
135,1458412398675644420,songflower__,2021-11-10 12:33:26+00:00,,False
136,2989703986,Amitt_ARORA,2015-01-21 11:57:11+00:00,,False
137,1228805067593191433,alasirimotors,2020-02-15 22:15:48+00:00,"Mombasa, Kenya",False
138,84569114,Motorlegend,2009-10-23 11:46:02+00:00,Paris,False
139,235393566,bayuajiwr,2011-01-08 02:25:30+00:00,Indonesia,False
140,753595458103238656,elli_clari,2016-07-14 14:22:13+00:00,"Texas City, TX",False
141,494696296,forfeksakes,2012-02-17 05:04:45+00:00,"Dubai, United Arab Emirates",False
142,1300542811528335360,Emmaaaanate,2020-08-31 21:15:54+00:00,,False
143,960771844318969856,JovaWheels,2018-02-06 07:07:12+00:00,"Âπø‰∏ú, ‰∏≠Âçé‰∫∫Ê∞ëÂÖ±ÂíåÂõΩ",False
144,222481290,Chohi23,2010-12-03 15:05:52+00:00,kenya,False
145,628683882,DespreSmarturi,2012-07-06 18:14:05+00:00,,False
146,1279793969350586370,HeartIiez,2020-07-05 15:07:32+00:00,he/him 19,False
147,1236501314231812102,lilimani7,2020-03-08 03:57:52+00:00,,False
148,515968321,kyo_akiyama,2012-03-05 23:20:04+00:00,ferp Abihc,False
149,1236501314231812102,lilimani7,2020-03-08 03:57:52+00:00,,False
150,753599331450707968,MillsNicco,2016-07-14 14:37:36+00:00,"New Jersey, USA",False
151,1428715917358166019,Celice_SolidS,2021-08-20 13:50:21+00:00,FEH/„Éù„Ç±Ê£Æ/„Éù„Ç±„Éû„Çπ/„ÇÆ„Ç¢„Ç∏„Çß„Éç/ËÅñÂâ£/‚ÜëÁîªSolidS,False
152,1468620673115373569,F1_news_bot,2021-12-08 16:37:22+00:00,Cloud,False
153,3958716856,bastrikdoriang2,2015-10-14 19:47:15+00:00,"Montepulciano, Toscana",False
154,1468620673115373569,F1_news_bot,2021-12-08 16:37:22+00:00,Cloud,False
155,1468620673115373569,F1_news_bot,2021-12-08 16:37:22+00:00,Cloud,False
156,718129531228389377,Bharat_jaimil,2016-04-07 17:33:17+00:00,,False
157,928058880,theloveego,2012-11-05 17:35:27+00:00,"New York, NY",False
158,18578758,lachimusic,2009-01-03 13:08:05+00:00,"New York, NY",True
159,2769741238,guillote72r,2014-09-14 05:50:15+00:00,Buenos Aires Argentina,False
160,1499327506775777285,thrillthegridf1,2022-03-03 10:15:25+00:00,,False
161,75613996,Guppy64,2009-09-19 18:45:32+00:00,"Huntington Beach, California",False
162,569320642,nardiwheels,2012-05-02 18:32:10+00:00,,False
163,75613996,Guppy64,2009-09-19 18:45:32+00:00,"Huntington Beach, California",False
164,1593891630,M0NSTERBF,2013-07-14 17:49:33+00:00,"will , 25",False
165,193774022,biscolf,2010-09-22 17:15:57+00:00,,False
166,1389120063907586049,mystery2no1,2021-05-03 07:30:24+00:00,√¶/√¶m,False
167,199263855,sulfaj_,2010-10-06 12:46:53+00:00,„Å§„Å•„Åè,False
168,27835278,motemotorco,2009-03-31 08:00:51+00:00,Michigan,False
169,39766452,dfwautoclub,2009-05-13 15:00:37+00:00,DFW Area,False
170,49017950,MBCharlotte,2009-06-20 14:27:57+00:00,"Charlotte, North Carolina",False
171,382638388,ChargedEVs,2011-09-30 12:38:08+00:00,,False
172,973382181291679744,gwagenparts_com,2018-03-13 02:16:11+00:00,,False
173,1210903936585986048,DearerMocha8,2019-12-28 12:43:06+00:00,Ireland,False
174,1033945221921468416,popcanvasco,2018-08-27 05:12:05+00:00,,False
175,94346993,OfficialMinis,2009-12-03 15:09:54+00:00,"Barcelona, Spain",True
176,2606594430,akari_1059,2014-07-06 02:53:13+00:00,Êù±‰∫¨,False
177,790633967527395328,ferrarisonline,2016-10-24 19:20:01+00:00,"Costa Mesa, CA",False
178,1235387186721230850,StartlyCapital,2020-03-05 02:11:52+00:00,"Toronto, Ontario, Canada",False
179,199777569,aSUPERCARDRIVER,2010-10-07 18:15:39+00:00,,False
180,1320072110664921088,scarletblazer,2020-10-24 18:38:26+00:00,,False
181,1023972394703245314,SAKURAHARUN0S,2018-07-30 16:43:38+00:00,Texas,False
182,753677454049353728,powerwives,2016-07-14 19:48:02+00:00,"dicey, 27, she/her",False
183,528721221,butternotbutter,2012-03-18 18:09:54+00:00,oregon ‚Ä¢ they/them ‚Ä¢ autistic,False
184,118356979,deejaykyos,2010-02-28 12:15:54+00:00,Midrand,False
185,1517532337621327873,RamiroandSons,2022-04-22 15:55:01+00:00,Texas,False
186,1540648426165223427,sorn_to_die,2022-06-25 10:50:18+00:00,,False
187,728695776,MBofCenterville,2012-07-31 16:05:08+00:00,"Centerville, Ohio",False
188,110425571,BobRossAuto,2010-02-01 14:09:01+00:00,"Centerville,Ohio",False
189,1361202773031870465,aegishieId,2021-02-15 06:36:59+00:00,inside sylvains mind,False
190,114946688,Marlinaayu,2010-02-17 03:37:25+00:00,"Kuala Lumpur, Malaysia",False
191,48350617,MMGMercedesBenz,2009-06-18 13:35:40+00:00,9 locations in the UK,False
192,2817307633,F1HLM,2014-09-18 16:13:15+00:00,Slovakia,False
193,1079092289232871429,VictoryMitsubi1,2018-12-29 19:10:25+00:00,"The Bronx, NY",False
194,1471541249538764802,MBstatecollege,2021-12-16 18:04:03+00:00,"State College, PA",False
195,435249260,StuHarg,2011-12-12 21:02:12+00:00,"London, England",False
196,1508201902957371403,CarsPicBot,2022-03-27 21:58:55+00:00,Mt. Akina,False
197,1519375603098701830,Juliet91279755,2022-04-27 17:59:24+00:00,,False
198,895819701942722560,racingmemes56,2017-08-11 01:30:35+00:00,,False
199,89292787,iBikeSafe,2009-11-11 21:52:40+00:00,"Miami, FL",False
200,3321692462,dressinreality,2015-08-20 19:10:09+00:00,,False
201,1544324728797675527,Photos_by_tobi,2022-07-05 14:18:12+00:00,"Karlsruhe, Baden-W√ºrttemberg",False
202,1205951272123326466,speedstar79,2019-12-14 20:42:52+00:00,Discord - Speedstar79#5219,False
203,816032063384158209,SelenaCaamano,2017-01-02 21:22:59+00:00,In front of a laptopüíª,False
204,261136146,electricfelix,2011-03-05 09:25:07+00:00,Europe,False
205,326048364,SinclairMerc,2011-06-29 08:47:31+00:00,Cardiff | Bridgend | Swansea | Neyland,False
206,46863911,autorace_f1,2009-06-13 10:21:08+00:00,Around the world,False
207,816032063384158209,SelenaCaamano,2017-01-02 21:22:59+00:00,In front of a laptopüíª,False
208,757976550675480576,steve_walterz,2016-07-26 16:31:07+00:00,Nairobi,False
209,949626316168613889,Jones__10,2018-01-06 12:58:51+00:00,"Lagos, Nigeria",False
210,1496873361678692352,RayeedAli,2022-02-24 15:43:29+00:00,,False
211,1371101646621708289,AutoeMore_,2021-03-14 14:11:36+00:00,"Mendrisio, Svizzera",False
212,1410154081298042882,RochefreightL,2021-06-30 08:31:56+00:00,,False
213,882698939241287685,realabdulmumeen,2017-07-05 20:33:21+00:00,"Abuja, Nigeria",False
214,1509101662505512965,TryInvestables,2022-03-30 09:34:24+00:00,,False
215,2168120972,MertruxLtd,2013-11-01 09:37:23+00:00,"East Midlands, England",False
216,1459546281018331140,TOERING1969,2021-11-13 15:39:06+00:00,,False
217,1501813813674491904,Bravehard1954,2022-03-10 06:55:19+00:00,,False
218,1164737267207999488,CarlosCamaro8,2019-08-23 03:13:41+00:00,,False
219,1042870765354283009,CarsofSP,2018-09-20 20:19:00+00:00,Western Canada,False
220,293111498,henry_akoh,2011-05-04 19:40:23+00:00,Earth,False
221,21194711,thetalentguru,2009-02-18 13:23:34+00:00,archewell.com,False
222,1408641584376303616,GranTurismo7_,2021-06-26 04:24:40+00:00,,False
223,589402381,Motaquip1,2012-05-24 20:28:27+00:00,"Coventry, UK",False
224,1439110665067798530,ForzaHorizon_5,2021-09-18 06:17:19+00:00,,False
225,2340173090,2ndHandTrucks,2014-02-12 11:19:34+00:00,"Tilbury, Essex",False
226,1369855871535128577,_pranav_15,2021-03-11 03:41:21+00:00,,False
227,1361450467365109761,mercedesmodern,2021-02-15 23:01:16+00:00,"Stuttgart, Germany",False
228,1537879557625090048,nadegeous,2022-06-17 19:27:22+00:00,,False
229,4561538975,sondosalas,2015-12-21 22:50:38+00:00,"Minneapolis, MN",False
230,1215439825605734400,KF1SG65,2020-01-10 01:07:01+00:00,United States,False
231,1234417193988829184,JustinChauffeur,2020-03-02 09:58:46+00:00,"London, UK",False
232,1505538150600527873,EmanPeters,2022-03-20 13:34:14+00:00,"Manhattan, NY",False
233,1505538150600527873,EmanPeters,2022-03-20 13:34:14+00:00,"Manhattan, NY",False
234,737099436,autosmotosnet,2012-08-04 17:26:33+00:00,Belgium,False
235,900252427,MercedesBenzFor,2012-10-23 17:13:22+00:00,"Europe , Bulgaria",False
236,1323826004419366913,media_newsnoon,2020-11-04 03:15:05+00:00,,False
237,45527202,bonosjrvm,2009-06-08 08:38:28+00:00,,False
238,1871859348,Sandownmercedes,2013-09-16 14:39:08+00:00,United Kingdom,False
239,1475994188537905163,blaiddydlamine,2021-12-29 00:56:59+00:00,they/them,False
240,1361450467365109761,mercedesmodern,2021-02-15 23:01:16+00:00,"Stuttgart, Germany",False
241,1468620673115373569,F1_news_bot,2021-12-08 16:37:22+00:00,Cloud,False
242,1475532355678965760,ayebund,2021-12-27 18:21:50+00:00,"Durham, NC",False
243,1536379395664904193,f1americaUS,2022-06-13 16:06:56+00:00,"Durham, NC",False
244,2319358723,MBofNewton,2014-01-30 18:25:36+00:00,"Newton, NJ 07860",False
245,48350617,MMGMercedesBenz,2009-06-18 13:35:40+00:00,9 locations in the UK,False
246,1221822260,MSportMonday,2013-02-26 14:01:46+00:00,At a race track near you...,False
247,27343080,MotorsportWeek,2009-03-29 00:27:29+00:00,Worldwide,False
248,20019562,unionthug,2009-02-04 01:26:46+00:00,Somewhere in BC,False
249,1167487515504328705,marclavoiehq,2019-08-30 17:21:36+00:00,"Montreal, Canada",False
250,1326210885396946945,politicianssho1,2020-11-10 17:11:42+00:00,"London, England",False
251,1079092289232871429,VictoryMitsubi1,2018-12-29 19:10:25+00:00,"The Bronx, NY",False
252,1497796599652753411,Hunter15500294,2022-02-27 04:52:33+00:00,,False
253,838861923307433985,MBatLongofChatt,2017-03-06 21:20:42+00:00,"Chattanooga, TN",False
254,1196691900771815424,evshift,2019-11-19 07:29:29+00:00,,False
255,1408641584376303616,GranTurismo7_,2021-06-26 04:24:40+00:00,,False
256,29695289,JudeJagger,2009-04-08 11:33:06+00:00,"38,000ft",False
257,1533209625176248326,FRCretweets,2022-06-04 22:10:49+00:00,,False
258,1403861754808049666,Khulood_Almani,2021-06-12 23:48:32+00:00,Kingdom of Saudi Arabia,False
259,1446486471075147779,2BlessedHighly,2021-10-08 14:43:53+00:00,United States ,False
260,1446486471075147779,2BlessedHighly,2021-10-08 14:43:53+00:00,United States ,False
261,728695776,MBofCenterville,2012-07-31 16:05:08+00:00,"Centerville, Ohio",False
262,110425571,BobRossAuto,2010-02-01 14:09:01+00:00,"Centerville,Ohio",False
263,19440535,CarWale,2009-01-24 10:15:17+00:00,"Mumbai, India",True
264,1510137247252697092,gititstore,2022-04-02 06:09:43+00:00,,False
265,1148114614472859649,DAYEKINS,2019-07-08 06:20:29+00:00,black | activist | writer,False
266,1701799962,INSIDERACINGcom,2013-08-26 12:43:07+00:00,,False
267,1544991036635742214,GPF1Motorsport,2022-07-07 10:25:53+00:00,,False
268,3344404469,TonyBiddlestone,2015-06-24 18:27:13+00:00,üè¥Û†ÅßÛ†Å¢Û†Å•Û†ÅÆÛ†ÅßÛ†Åø Worcestershire ,False
269,776396202132643840,allcarvideos,2016-09-15 12:24:14+00:00,,False
270,737099436,autosmotosnet,2012-08-04 17:26:33+00:00,Belgium,False
271,954473252969205760,FBMyNEXTCar,2018-01-19 21:58:51+00:00,"Florida, USA",False
272,1655628048,SESuter1,2013-08-08 15:50:43+00:00,,False
273,1482294703,DeviantDealer,2013-06-04 13:23:04+00:00,"Lenasia, South Africa",False
274,1288581780036096000,ArlEsports,2020-07-29 21:07:49+00:00,,False
275,3103312968,ragingcoupon,2015-03-22 14:15:47+00:00,United States,False
276,1435568221289992196,dellyranksindia,2021-09-08 11:38:35+00:00,"New Delhi, India",False
277,1542479761905426432,Schweiz_tourism,2022-06-30 12:07:19+00:00,Switzerland,False
278,77092621,GermanParts,2009-09-25 00:56:53+00:00,"3280 Caroga Dr.  Miss, ON",False
279,1226507024508293120,RVingOutdoors,2020-02-09 14:04:08+00:00,,False
280,900252427,MercedesBenzFor,2012-10-23 17:13:22+00:00,"Europe , Bulgaria",False
281,318933929,SelectCLBurySE,2011-06-17 08:56:31+00:00,"Bury St Edmunds, Suffolk, UK",False
282,1003621476447080450,HaruHaruto86,2018-06-04 12:56:21+00:00,Êó•Êú¨,False
283,1127829883013361665,xaelbot,2019-05-13 06:56:12+00:00,Earth,False
284,1441576083640360968,Madhvendrax,2021-09-25 01:31:48+00:00,"Aligarh, India",False
285,117001251,netnueyhuajai,2010-02-24 06:43:18+00:00,everywhere I go I see his name,False
286,1189546047313461248,Pih981,2019-10-30 14:17:07+00:00,,False
287,1210177994477752320,EkwenyeD,2019-12-26 12:38:33+00:00,home tx,False
288,770096491314704384,thatgirlbelIa,2016-08-29 03:11:26+00:00,1716 Chestnut Street,False
289,872425891892142081,J_Bonica,2017-06-07 12:11:56+00:00,"Melbourne, Victoria",False
290,1419683089576562689,Thepodiumplace,2021-07-26 15:36:49+00:00,,False
291,4096241757,3bhire,2015-11-02 09:31:32+00:00,"Long Crendon, England",False
292,1113747196099399680,thefirstindia,2019-04-04 10:16:38+00:00,"Jaipur, India",False
293,1007313606,Alejandra_nda,2012-12-12 21:14:01+00:00,üá≤üáΩ,False
294,3121081018,rusticwoodmcr,2015-03-27 10:49:59+00:00,"Manchester, England",False
295,737099436,autosmotosnet,2012-08-04 17:26:33+00:00,Belgium,False
296,253615321,AlexWitzleben,2011-02-17 16:21:04+00:00,Brussels,False
297,344569989,micky_h76,2011-07-29 07:49:58+00:00,NE UK,False
298,219997117,24HSERIES,2010-11-26 13:49:50+00:00,Netherlands,False
299,1504010168543039489,odoyan_NFT,2022-03-16 08:22:32+00:00,,False
300,723488722637959168,Imexpart_Ltd,2016-04-22 12:28:48+00:00,United Kingdom,False
301,1350280616,Kigonyis,2013-04-13 21:31:42+00:00,,False
302,4096241757,3bhire,2015-11-02 09:31:32+00:00,"Long Crendon, England",False
303,1482294703,DeviantDealer,2013-06-04 13:23:04+00:00,"Lenasia, South Africa",False
304,770995811987648512,AdamHewittLtd,2016-08-31 14:45:00+00:00,"Harvington, England",False
305,1489555384515936262,AutomotiveBtn,2022-02-04 11:04:21+00:00,"Furnace Lane, Wellingborough ",False
306,1536474074800656386,HlDMotorsports,2022-06-13 22:22:31+00:00,,False
307,978373433670225920,nhartley7_,2018-03-26 20:49:38+00:00,"England, United Kingdom",False
308,1528469382233526278,NathanHartleyGP,2022-05-22 20:14:44+00:00,,False
309,406880304,RobathanC,2011-11-07 10:01:57+00:00,"Tamworth, England",False
310,610967977,CTToys,2012-06-17 17:06:28+00:00,United Kingdom,False
311,902482889799020546,SnowsMercedes,2017-08-29 10:47:43+00:00,"Exeter, England",False
312,961401491583111168,bigmoneygunny1,2018-02-08 00:49:12+00:00,,False
313,1483360221351264260,RentalDeluxe,2022-01-18 08:47:12+00:00,"Islamabad, Pakistan",False
314,336994489,Willieboy_m,2011-07-17 08:04:53+00:00,"Nairobi, Kenya",False
315,942132561710600192,jbridg9,2017-12-16 20:41:21+00:00,USA ,False
316,1388050453519343617,assetrealisati1,2021-04-30 08:40:00+00:00,"North West, UK",False
317,1388050453519343617,assetrealisati1,2021-04-30 08:40:00+00:00,"North West, UK",False
318,1388050453519343617,assetrealisati1,2021-04-30 08:40:00+00:00,"North West, UK",False
319,313523207,mhhintl,2011-06-08 19:51:55+00:00,"Dunsfold Park, England.",False
320,937644574608187392,mhhjapanesecar,2017-12-04 11:27:41+00:00,"Dunsfold, England",False
321,872425891892142081,J_Bonica,2017-06-07 12:11:56+00:00,"Melbourne, Victoria",False
322,46863911,autorace_f1,2009-06-13 10:21:08+00:00,Around the world,False
323,1388050453519343617,assetrealisati1,2021-04-30 08:40:00+00:00,"North West, UK",False
324,737099436,autosmotosnet,2012-08-04 17:26:33+00:00,Belgium,False
325,737099436,autosmotosnet,2012-08-04 17:26:33+00:00,Belgium,False
326,1388050453519343617,assetrealisati1,2021-04-30 08:40:00+00:00,"North West, UK",False
327,2455075812,bageeswaran,2014-04-20 14:00:37+00:00,EARTH üîú MARS,False
328,1002613304420904961,BersilOmondi,2018-06-01 18:10:14+00:00,Niko majuu,False
329,1468620673115373569,F1_news_bot,2021-12-08 16:37:22+00:00,Cloud,False
330,2789516408,MarelliTech,2014-09-04 10:15:02+00:00,,True
331,187271998,Akinlawon47,2010-09-05 19:23:20+00:00,In GOD,False
332,38649724,trackdays,2009-05-08 11:42:21+00:00,United Kingdom,False
333,1484746631400595456,Bossingit44,2022-01-22 04:36:07+00:00,"Birmingham, England",False
334,1540648426165223427,sorn_to_die,2022-06-25 10:50:18+00:00,,False
335,1523439573581414400,Destine15199,2022-05-08 23:08:00+00:00,"Oakdale, MN",False
336,1499327506775777285,thrillthegridf1,2022-03-03 10:15:25+00:00,,False
337,1482294703,DeviantDealer,2013-06-04 13:23:04+00:00,"Lenasia, South Africa",False
338,3289596032,meraazamir,2015-07-24 08:50:43+00:00,India,False
339,733893606,RyanEckford,2012-08-03 01:25:48+00:00,"Newcastle, Australia",False
340,1574645605,levis_wexsir,2013-07-07 08:09:52+00:00,Bungoma-Kenya,False
341,1657628696,ValeMoiMairura,2013-08-09 12:12:37+00:00,Ngong Hills Circuit (NHC) ,False
342,1228805067593191433,alasirimotors,2020-02-15 22:15:48+00:00,"Mombasa, Kenya",False
343,1530235641073700867,luxurywheelshq,2022-05-27 17:13:17+00:00,,False
344,317735576,Papahassan,2011-06-15 11:52:18+00:00,"Accra, Ghana",False
345,4815451918,SidharthCA,2016-01-15 15:42:46+00:00,"Cochin, India",False
346,218421077,elitedunia,2010-11-22 09:04:52+00:00,Botswana,False
347,1543874015206559747,F1Insider_,2022-07-04 08:27:18+00:00,,False
348,1039607357699960832,EngineDen1,2018-09-11 20:11:23+00:00,"Pretoria, South Africa",False
349,965781235,RoyalRiqs,2012-11-23 09:06:25+00:00,"Nairobi, Kenya",False
350,1385819204696350723,sammie_nyakundi,2021-04-24 04:53:51+00:00,AfterLife in Sesame Strit,False
351,1539866080637702144,XiaoMingRacing,2022-06-23 07:01:12+00:00,"New Taipei City, Taiwan",False
352,1534417830619258882,CameliaRoxana08,2022-06-08 06:11:42+00:00,,False
353,1544724936383954946,MarufHo83411073,2022-07-06 16:48:29+00:00,,False
354,1184462628250361856,188Bet,2019-10-16 13:34:48+00:00,,False
355,1066946217282723840,jazzybuns,2018-11-26 06:46:15+00:00,,False
356,1350915469436350464,sydvaevnz,2021-01-17 21:19:18+00:00,United Kingdom,False
357,139381612,LuvvStinson,2010-05-02 12:36:34+00:00,,False
358,753267774017900544,gand_oliver,2016-07-13 16:40:07+00:00,"Detroit, MI",False
359,1097406435430944768,Archana_Shuklaa,2019-02-18 08:04:17+00:00,"Mumbai, India",False
360,1146895148657385472,royal_cinco05,2019-07-04 21:34:46+00:00,"Georgia, USA",False
361,222481290,Chohi23,2010-12-03 15:05:52+00:00,kenya,False
362,1501298804284346376,God91In,2022-03-08 20:48:31+00:00,,False
363,1224682885929754625,autochat360,2020-02-04 13:15:39+00:00,world wide ,False
364,1468620673115373569,F1_news_bot,2021-12-08 16:37:22+00:00,Cloud,False
365,1136578476503384064,ZintelM,2019-06-06 10:20:00+00:00,Landowner,False
366,1375684198648983553,LPA_1996,2021-03-27 05:40:56+00:00,,False
367,1514232076379336704,TintOrlando,2022-04-13 13:21:01+00:00,"Orlando, FL",False
368,1364678203122532353,nicothegreat117,2021-02-24 20:47:29+00:00,,False
369,289098182,EvolveTechnik,2011-04-28 01:02:29+00:00,Australia,False
370,354015029,KIsDesigns,2011-08-13 00:38:00+00:00,"Stockbridge, GA",False
371,753267141269397504,MackenzEric,2016-07-13 16:37:36+00:00,"Boston, MA",False
372,1523315644422316033,Ccg420LLC,2022-05-08 14:55:48+00:00,"Washington, DC",False
373,2369054990,ebikermag,2014-03-02 15:48:58+00:00,"Vancouver, BC",False
374,882646525079433216,MediaArtX,2017-07-05 17:05:05+00:00,,False
375,18062064,londonhonda,2008-12-11 22:11:16+00:00,560 Wharncliffe Rd S London ON,False
376,1080962307042275328,King__Triston,2019-01-03 23:01:12+00:00,"South East, England",False
377,1535945415417372672,ElodieBenevien,2022-06-12 11:21:59+00:00,,False
378,1508201902957371403,CarsPicBot,2022-03-27 21:58:55+00:00,Mt. Akina,False
379,890642702,hasbrialeTV,2012-10-19 09:37:21+00:00,One World,False
380,813167938152919040,jkellerfsu,2016-12-25 23:41:59+00:00,"Miami, FL",False
381,813167938152919040,jkellerfsu,2016-12-25 23:41:59+00:00,"Miami, FL",False
382,890642702,hasbrialeTV,2012-10-19 09:37:21+00:00,One World,False
383,49017950,MBCharlotte,2009-06-20 14:27:57+00:00,"Charlotte, North Carolina",False
384,1508201902957371403,CarsPicBot,2022-03-27 21:58:55+00:00,Mt. Akina,False
385,1175842221268054023,fansofpaularon,2019-09-22 18:40:18+00:00,,False
386,2163510545,BoHeJo_Opinion,2013-11-01 15:55:35+00:00,Belgium,False
387,1468620673115373569,F1_news_bot,2021-12-08 16:37:22+00:00,Cloud,False
388,893783489006456832,iXabierM,2017-08-05 10:39:24+00:00,,False
389,18566291,vividracingcom,2009-01-02 22:42:43+00:00,"Gilbert, Arizona  USA",False
390,300964456,DoReMiFaSoLah,2011-05-18 17:03:54+00:00,973 ,False
391,1430311509226401794,altinvestments_,2021-08-24 23:30:22+00:00,üëÄ Track üëâ,False
392,1385985586977288196,jimpapF1,2021-04-24 15:55:22+00:00,,False
393,1131289323482034176,RoadReadyWheel1,2019-05-22 20:02:47+00:00,Chicago,False
394,783264572165787648,carleasecompany,2016-10-04 11:16:41+00:00,United Kingdom,False
395,1226507024508293120,RVingOutdoors,2020-02-09 14:04:08+00:00,,False
396,1491257511130714115,LoanerStatus,2022-02-09 03:48:17+00:00,Los Angeles,False
397,1537579333,frxg__,2013-06-21 23:43:49+00:00,la machine du moulin rouge ,False
398,1468620673115373569,F1_news_bot,2021-12-08 16:37:22+00:00,Cloud,False
399,1468620673115373569,F1_news_bot,2021-12-08 16:37:22+00:00,Cloud,False
400,180616794,TheDrinkOG,2010-08-20 01:59:31+00:00,salt lake city,False
401,1358862837012197389,soundsofgrounds,2021-02-08 19:38:55+00:00,,False
402,840078565,flyingcurlew24,2012-09-22 16:48:06+00:00,"East, England",False
403,1430568556434006016,SmokeyNFT,2021-08-25 16:31:45+00:00,üåúMoonüåõ,False
404,82428700,F1taxi,2009-10-14 18:52:00+00:00,"London, England",False
405,1285370957457063937,AP70241964,2020-07-21 00:28:25+00:00,,False
406,1338357858610466818,Mara_Coin_Mara,2020-12-14 05:39:37+00:00,,False
407,1544438328606564353,AutoChopperz,2022-07-05 21:49:45+00:00,"Dallas, Texas",False
408,1519552728397197313,Anne99609177,2022-04-28 05:43:15+00:00,,False
409,577795812,MarijuanaName,2012-05-12 04:04:23+00:00,#Mars,False
410,437085205,AmazingChevVolt,2011-12-15 00:19:19+00:00,,False
411,940277332308262913,EliteRepairFL,2017-12-11 17:49:20+00:00,"Boca Raton & Delray Beach, FL",False
412,1517532337621327873,RamiroandSons,2022-04-22 15:55:01+00:00,Texas,False
413,569320642,nardiwheels,2012-05-02 18:32:10+00:00,,False
414,740167453284696066,Marcos0507_,2016-06-07 13:04:07+00:00,,False
415,1354477799755681793,LuandeJesusda43,2021-01-27 17:14:17+00:00,,False
416,1276453534943281157,CamdensonHWD,2020-06-26 09:53:41+00:00,"Centerville, OH",False
417,1299764374861754369,RSchrauber,2020-08-29 17:42:44+00:00,,False
418,1046414184219635713,JustinRand4,2018-09-30 14:59:17+00:00,"Maine, USA",False
419,771314364573884416,oxtturkerkrkya,2016-09-01 11:50:49+00:00,,False
420,728138595928702976,4a9DOU46351207,2016-05-05 08:25:44+00:00,"‡∏à.‡∏£‡∏≤‡∏ä‡∏ö‡∏∏‡∏£‡∏µ, ‡∏õ‡∏£‡∏∞‡πÄ‡∏ó‡∏®‡πÑ‡∏ó‡∏¢",False
421,833983343607771137,r07cglyz2,2017-02-21 10:14:58+00:00,"‡∏®‡∏£‡∏µ‡∏™‡∏∞‡πÄ‡∏Å‡∏©, ‡∏õ‡∏£‡∏∞‡πÄ‡∏ó‡∏®‡πÑ‡∏ó‡∏¢",False
422,1416435531496361984,51Hffsamay,2021-07-17 16:33:11+00:00,,False
423,1176640496,SteveStevens47,2013-02-13 19:36:52+00:00,üî¥üî¥,False
424,1952213773,LordWay69,2013-10-10 17:04:31+00:00,,False
425,778589968797143040,msportstats,2016-09-21 13:41:28+00:00,Worldwide,True
426,20517081,autosport,2009-02-10 14:45:11+00:00,,True
427,531664200,NikiMags,2012-03-20 19:43:49+00:00,Nairobi,False
428,1492568001203384324,_SolBoy,2022-02-12 18:35:29+00:00,,False
429,1434905121742200837,auto_revenge,2021-09-06 15:44:02+00:00,Pyeongtaek-si,False
430,1376872317419159558,MarSellF1,2021-03-30 12:22:11+00:00,UK,False
431,2977818135,KKyvalova,2015-01-14 10:34:07+00:00,Hamburg / London,False
432,1495782328735612929,RacingPixelsNFT,2022-02-21 15:28:07+00:00,On The Grid,False
433,1122129912041746433,Marz_madeit,2019-04-27 13:26:33+00:00,,False
434,2996957211,photo_gt97,2015-01-25 01:09:10+00:00,Earth ,False
435,1478771462374932487,MBWestwood,2022-01-05 16:59:27+00:00,,False
436,766049701,RamRacingCom,2012-08-18 17:05:17+00:00,Silverstone,False
437,1526820374255525888,hp_barn,2022-05-18 07:02:25+00:00,,False
438,2343305572,mirulws44,2014-02-14 15:12:26+00:00,Team LH,False
439,1492194284925292549,AutomobilsportC,2022-02-11 17:50:57+00:00,"Luxembourg, Spain",False
440,2591714880,KikiMayBee,2014-06-27 17:43:22+00:00,,False
441,721008175634366465,Psamuel_gh,2016-04-15 16:11:59+00:00,Ghana,False
442,2537794000,RoyRelapse,2014-05-09 21:14:33+00:00,"Rotterdam, Netherlands",False
443,737099436,autosmotosnet,2012-08-04 17:26:33+00:00,Belgium,False
444,3428232537,CRYPT056,2015-08-17 15:13:32+00:00,USA,False
445,979704838891167744,spc_cars,2018-03-30 13:00:10+00:00,,False
446,277231900,stewada,2011-04-04 23:40:56+00:00,"Kuching, Sarawak",False
447,17196858,ramsesgs,2008-11-05 20:31:11+00:00,"Monterrey, M√©xico.",False
448,1432177195905126400,MichaelKonsta15,2021-08-30 03:04:07+00:00,"Canada, Ontario, Aurora",False
449,4351380559,rossterbolo,2015-11-25 02:42:07+00:00,,False
450,856807975255781377,iamfreezy186,2017-04-25 09:51:54+00:00,"Bulawayo, Zimbabwe",False
451,1224941271422263297,NicholasPowney,2020-02-05 06:22:28+00:00,,False
452,955555709105524736,nanasebz,2018-01-22 21:40:09+00:00,Ëµ§„Å®Èªí„ÅÆÂãáËÄÖ„ÅÆË°ó,False
453,1535999736737669124,RickeyKankanam1,2022-06-12 14:57:52+00:00,Moon,False
454,1397681022,1smonk01,2013-05-02 17:21:12+00:00,Earth,False
455,1414000490,MarkdavidKaplan,2013-05-08 22:39:24+00:00,Dallas TX,False
456,940277332308262913,EliteRepairFL,2017-12-11 17:49:20+00:00,"Boca Raton & Delray Beach, FL",False
457,452380586,pan_nullo,2012-01-01 19:38:19+00:00,"naples, italy",False
458,1439110665067798530,ForzaHorizon_5,2021-09-18 06:17:19+00:00,,False
459,741433323185012736,KindOfWierd,2016-06-11 00:54:14+00:00,I can cow?,False
460,204360683,globaltele,2010-10-18 14:41:49+00:00,Leicestershire,False
461,2389190690,HCDChauffeurDr,2014-03-14 14:28:35+00:00,"London, England",False
462,63489747,RallyeMotors1,2009-08-06 17:34:01+00:00,"Roslyn, NY",False
463,1487392513304502279,JoosupUK,2022-01-29 11:49:51+00:00,United Kingdom,False
464,1350915469436350464,sydvaevnz,2021-01-17 21:19:18+00:00,United Kingdom,False
465,979704838891167744,spc_cars,2018-03-30 13:00:10+00:00,,False
466,1521410516547248129,TPracDriver,2022-05-03 08:45:29+00:00,"Dubai, UAE",False
467,147986731,notyourniceb,2010-05-25 15:03:17+00:00,,False
468,1543874015206559747,F1Insider_,2022-07-04 08:27:18+00:00,,False
469,1067091436892577792,BrandonisaTrain,2018-11-26 16:23:18+00:00,,False
470,3590084362,DentscratchLtd,2015-09-08 17:58:48+00:00,"Aldershot, England",False
471,1114326332115042304,BenzSalem,2019-04-06 00:37:55+00:00,"Salem, OR",False
472,112448902,magnitudefinanc,2010-02-08 14:54:48+00:00,"Leeds & London, UK",False
473,56647550,MarshallMercCV,2009-07-14 08:50:25+00:00,"England, United Kingdom",False
474,1468620673115373569,F1_news_bot,2021-12-08 16:37:22+00:00,Cloud,False
475,877481769863446528,UmaronCars,2017-06-21 11:02:11+00:00,"London, England",False
476,1489555384515936262,AutomotiveBtn,2022-02-04 11:04:21+00:00,"Furnace Lane, Wellingborough ",False
477,1455580593937436680,carsonclubhouse,2021-11-02 17:00:46+00:00,,False
478,1468620673115373569,F1_news_bot,2021-12-08 16:37:22+00:00,Cloud,False
479,1482294703,DeviantDealer,2013-06-04 13:23:04+00:00,"Lenasia, South Africa",False
480,719472337,CathyHackl,2012-07-27 05:05:16+00:00,DC/NY/Paris,True
481,758041817657012226,AgabiDivine,2016-07-26 20:50:27+00:00,"Federal Capital Territory, Nig",False
482,2562802388,GustaffsonHD,2014-06-12 06:08:42+00:00,"Tampico, Tamaulipas M√©xico",False
483,1393278272000114688,K24BJS,2021-05-14 18:53:30+00:00,"London, England",False
484,1204128767251230720,codedailybot,2019-12-09 20:01:02+00:00,#codedaily,False
485,1204128767251230720,codedailybot,2019-12-09 20:01:02+00:00,#codedaily,False
486,1204128767251230720,codedailybot,2019-12-09 20:01:02+00:00,#codedaily,False
487,1051649960,Fabriciosx,2013-01-01 02:32:07+00:00,Rio de janeiro,False
488,1327935633445199874,BotFemale,2020-11-15 11:25:09+00:00,,False
489,3993693373,rframingmotinn,2015-10-23 17:53:37+00:00,,False
490,1064753408572194816,SulloReport,2018-11-20 05:32:49+00:00,"He/Him, 21",False
491,734355449202413568,aichikjm,2016-05-22 12:09:17+00:00,„Åü„Åæ„Å´„Çµ„Éº„Ç≠„ÉÉ„Éà„Å´„Åß„Åç„ÇãÂ∑ù,False
492,1478656226330234882,DermatologyCase,2022-01-05 09:15:03+00:00,,False
493,527561084,paulojassuncao,2012-03-17 15:27:15+00:00,"Edmonton, Alberta",False
494,1495858925446574080,owner_albert,2022-02-21 20:32:33+00:00,"35 Corriveau Avenue, Unit 10",False
495,1190474135480061952,The_Arti_,2019-11-02 03:42:18+00:00,"Perth, Western Australia",False
496,415708150,AutoSpies,2011-11-18 18:08:31+00:00,"Plano, Texas",False
497,2181767868,Sharesouvenir,2013-11-08 08:25:40+00:00,"1¬∞17' N, 103¬∞50' E",False
498,1205951272123326466,speedstar79,2019-12-14 20:42:52+00:00,Discord - Speedstar79#5219,False
499,294156347,CharbelRZK,2011-05-06 16:37:06+00:00,Outer Space,False
500,1485201339810725888,EBO1H9jNHmANwc2,2022-01-23 10:43:03+00:00,,False
501,1176640496,SteveStevens47,2013-02-13 19:36:52+00:00,üî¥üî¥,False
502,985516398150672384,FalaGamerCast,2018-04-15 13:53:14+00:00,"S√£o Paulo, Brasil",False
503,752866152079101952,Auction_Finance,2016-07-12 14:04:13+00:00,South Africa,False
504,1221822260,MSportMonday,2013-02-26 14:01:46+00:00,At a race track near you...,False
505,814396065357189120,Evelynm57864806,2016-12-29 09:02:07+00:00,,False
506,752866152079101952,Auction_Finance,2016-07-12 14:04:13+00:00,South Africa,False
507,10216462,hereisgone,2007-11-13 15:11:52+00:00,"Sao Paulo, Brazil",False
508,1070999906796625921,journalofkaat,2018-12-07 11:14:10+00:00,tour de france ,False
509,752866152079101952,Auction_Finance,2016-07-12 14:04:13+00:00,South Africa,False
510,1437371123465818125,LilToot62,2021-09-13 11:05:12+00:00,ü§î ‚Ä¶ Supporting Ukraine!üí™üá∫üá¶,False
511,1398659142542413835,mundosdelilian,2021-05-29 15:15:10+00:00,"S√£o Jos√© dos Campos, Brasil",False
512,753599331450707968,MillsNicco,2016-07-14 14:37:36+00:00,"New Jersey, USA",False
513,1540648426165223427,sorn_to_die,2022-06-25 10:50:18+00:00,,False
514,1142425548,kreka894,2013-02-02 13:16:42+00:00,"Aberdeen, Scotland",False
515,723488722637959168,Imexpart_Ltd,2016-04-22 12:28:48+00:00,United Kingdom,False
516,1482294703,DeviantDealer,2013-06-04 13:23:04+00:00,"Lenasia, South Africa",False
517,13430872,jardim_da_v,2008-02-13 14:05:32+00:00,Brasil,False
518,1518253659850944512,Nagasaivarma01,2022-04-24 15:41:13+00:00,,False
519,1184950227314364416,MatthewScully15,2019-10-17 21:52:17+00:00,"Dublin City, Ireland",False
520,27343080,MotorsportWeek,2009-03-29 00:27:29+00:00,Worldwide,False
521,703967220054024192,Inverter_cars,2016-02-28 15:37:19+00:00,"Manston, Kent",False
522,968074568970723328,RecklessDude777,2018-02-26 10:45:37+00:00,"Tiruchirapalli, India",False
523,2613289736,Boss_Watatori,2014-07-09 10:03:23+00:00,Á•ûÂ•àÂ∑ùÁúå,False
524,1633426388,mOQIl,2013-07-30 17:29:12+00:00,,False
525,1483360221351264260,RentalDeluxe,2022-01-18 08:47:12+00:00,"Islamabad, Pakistan",False
526,1722051428,erg_win,2013-09-02 11:22:36+00:00,,False
527,1526413278984937472,TechFeed10,2022-05-17 04:04:35+00:00,Lagos Nigeria,False
528,1275960859,EllelyInspirit,2013-03-17 20:40:22+00:00,"Bangkok, Thailand",False
529,1538616631,ConorBuller,2013-06-22 12:03:44+00:00,"Dundee, Scotland",False
530,570330193,drsJee,2012-05-03 22:13:42+00:00,,False
531,906843903143419904,KissMyRascasse,2017-09-10 11:36:49+00:00,"Swinton, South Yorkshire",False
532,2470487976,giulyleclerc,2014-04-30 07:29:29+00:00,"Mantova, Lombardia",False
533,541732844,David77thanos,2012-03-31 15:15:27+00:00,,False
534,723464712239734784,tonakan_neo,2016-04-22 10:53:23+00:00,Â§ßÈò™Â∫úÂÖ´Â∞æÂ∏Ç,False
535,1304391523836899329,Motorsport_SPY,2020-09-11 12:09:24+00:00,Á©¢Â§öÈùû‰∫∫„ÄÇ,False
536,2154744120,MahavirMercedes,2013-10-25 11:50:10+00:00,Andhra Pradesh & Telangana,False
537,1184950227314364416,MatthewScully15,2019-10-17 21:52:17+00:00,"Dublin City, Ireland",False
538,2894638885,MananNagda_,2014-11-09 10:05:07+00:00,"Mumbai, Maharashtra",False
539,2769383820,BlindtouchMan,2014-08-26 07:57:36+00:00,Â§™ÈôΩÁ≥ªËæ∫Â¢ÉÂÆáÂÆôÁßªÊ∞ëÁâπÂå∫,False
540,11374322,ConejoF1,2007-12-20 15:19:12+00:00,"Coquimbo, Chile",False
541,593863015,DivyaishGoyal,2012-05-29 16:52:23+00:00,new delhi,False
542,36339032,Motorsport,2009-04-29 11:48:30+00:00,Miami,True
543,1480759476198133762,utkarsh_pahuja,2022-01-11 04:32:44+00:00,,False
544,2728823209,hertscarsltd,2014-08-13 07:07:40+00:00,"England, United Kingdom",False
545,875377124,Jardine_MB,2012-10-12 10:44:01+00:00,"England, United Kingdom",False
546,2732348500,horizonvl,2014-08-03 10:27:35+00:00,"Kent, UK",False
547,1212277021,themainmercman,2013-02-23 14:39:16+00:00,"South East, England",False
548,2732348500,horizonvl,2014-08-03 10:27:35+00:00,"Kent, UK",False
549,172493884,otometre1,2010-07-29 21:15:04+00:00,,False
550,262832017,aldhirabi,2011-03-08 21:15:12+00:00,ŸÖŸÖŸÑŸÉÿ© ÿßŸÑÿ®ÿ≠ÿ±ŸäŸÜ,False
551,21389328,HansLak,2009-02-20 11:11:43+00:00,Netherlands,False
552,48350617,MMGMercedesBenz,2009-06-18 13:35:40+00:00,9 locations in the UK,False
553,1189546047313461248,Pih981,2019-10-30 14:17:07+00:00,,False
554,872425891892142081,J_Bonica,2017-06-07 12:11:56+00:00,"Melbourne, Victoria",False
555,1252144837861634048,Speedpeace10,2020-04-20 07:59:55+00:00,,False
556,1368903111482425347,AndreDynatrace,2021-03-08 12:35:41+00:00,Deutschland,False
557,398793158,refusevehicles,2011-10-26 15:12:32+00:00,"Gloucestershire, UK",False
558,1384327315,MattCohenBass,2013-04-27 12:19:00+00:00,"Penarth, Wales",False
559,1457567352069918720,fi_noob,2021-11-08 04:35:25+00:00,,False
560,1356299784571801602,DEmpireLeaks,2021-02-01 17:54:13+00:00,Helpful Links ‚û©,False
561,1391564527980859396,HandshakeSLDs,2021-05-10 01:24:22+00:00,Handshake Blockchain,False
562,1524402752608157699,austogautohub,2022-05-11 14:55:49+00:00, Shop A11 Apo Realsttment Powa,False
563,1524402752608157699,austogautohub,2022-05-11 14:55:49+00:00, Shop A11 Apo Realsttment Powa,False
564,1524402752608157699,austogautohub,2022-05-11 14:55:49+00:00, Shop A11 Apo Realsttment Powa,False
565,1408815901135323136,Phant982,2021-06-26 15:54:29+00:00,S√ºdwestdeutschland,False
566,1146694613991903232,lilleybeauty,2019-07-04 08:17:55+00:00,"Leeds, England",False
567,797898840863100928,SCLWestMids,2016-11-13 20:28:02+00:00,United Kingdom,False
568,1482294703,DeviantDealer,2013-06-04 13:23:04+00:00,"Lenasia, South Africa",False
569,1462855252365828097,NeonGoldNFT,2021-11-22 18:48:24+00:00,,False
570,872132348,random_freaks,2012-10-10 16:47:28+00:00,Portugal,False
571,1468620673115373569,F1_news_bot,2021-12-08 16:37:22+00:00,Cloud,False
572,341790980,Steel505,2011-07-24 23:46:20+00:00,,False
573,1089011506723807233,ikevinadams,2019-01-26 04:05:50+00:00,India,False
574,1028672279390183425,DAVIDa40656502,2018-08-12 15:59:18+00:00,,False
575,1455439397273305089,CarOneAutomotiv,2021-11-02 07:39:48+00:00,"Hendra, Queensland, Australia",False
576,788741587580948481,thisisnotgabs,2016-10-19 14:00:23+00:00,London,False
577,9802972,ElusiveFather,2007-10-30 19:01:57+00:00,Evading my kids' calls...,False
578,1150881754837856256,Squattekoks,2019-07-15 21:36:07+00:00,"Midrand, South Africa",False
579,1113747196099399680,thefirstindia,2019-04-04 10:16:38+00:00,"Jaipur, India",False
580,847801030893088768,coldrexf7,2017-03-31 13:21:31+00:00,–£–∫—Ä–∞–∏–Ω–∞,False
581,284458238,Znbrg,2011-04-19 09:41:36+00:00,Nederland,False
582,1527994393038405634,Geggo___,2022-05-21 12:47:22+00:00,,False
583,370971285,the_nathan_x_,2011-09-09 23:48:21+00:00,Astroworld,False
584,34220637,boborsky,2009-04-22 08:10:09+00:00,Nairobi Kenya,False
585,1468620673115373569,F1_news_bot,2021-12-08 16:37:22+00:00,Cloud,False
586,737099436,autosmotosnet,2012-08-04 17:26:33+00:00,Belgium,False
587,1468620673115373569,F1_news_bot,2021-12-08 16:37:22+00:00,Cloud,False
588,784467504,BidvestMcMerc,2012-08-27 11:42:01+00:00,South Africa,False
589,927787443884920832,yuichi220mp4,2017-11-07 06:38:58+00:00,Êó•Êú¨ Â•àËâØ,False
590,313523207,mhhintl,2011-06-08 19:51:55+00:00,"Dunsfold Park, England.",False
591,937644574608187392,mhhjapanesecar,2017-12-04 11:27:41+00:00,"Dunsfold, England",False
592,881604271,naashonomics,2012-10-15 05:13:37+00:00,San Jose,False
593,2181767868,Sharesouvenir,2013-11-08 08:25:40+00:00,"1¬∞17' N, 103¬∞50' E",False
594,1356622911512211458,Yamatohya,2021-02-02 15:18:16+00:00,,False
595,881604271,naashonomics,2012-10-15 05:13:37+00:00,San Jose,False
596,950263612588740608,TorrN__,2018-01-08 07:11:15+00:00,"Tacoma, Washington, Cascadia",False
597,1392800134774153217,FernndoAlonso14,2021-05-13 11:13:32+00:00,,False
598,1511595860999741443,Kojakworkshop,2022-04-06 06:45:29+00:00,United arab emirates,False
599,733231975301943296,Emmanouelita10,2016-05-19 09:45:00+00:00,"Thessaloniki,Greece",False
600,2765171775,lovemoter123,2014-09-09 01:17:03+00:00,,False
601,3007432392,shehmir99,2015-02-02 03:27:53+00:00,"Lahore, Pakistan",False
602,1295093168442978305,QuanieBo,2020-08-16 20:21:03+00:00,The Bayüåâ,False
603,354084711,twxlve,2011-08-13 03:23:46+00:00,"√úT: 1.478450,124.8540181",False
604,1145722007398551553,JMWflair95,2019-07-01 15:53:07+00:00,,False
605,34574765,saurabharora,2009-04-23 09:36:05+00:00,,False
606,1136106887592783872,Nichelle_No_M_,2019-06-05 03:06:04+00:00,"Wichita Falls, TX",False
607,862171320095735809,JohnDave692,2017-05-10 05:03:55+00:00,,False
608,1385808576946610177,ccarpriceuae,2021-04-24 04:11:40+00:00,Dubai United Arab Emrates,False
609,1295659256214061056,CCarPrices,2020-08-18 09:55:04+00:00,New York,False
610,2990929306,Sentinel2NO,2015-01-21 23:56:32+00:00,#UnityCamp #Director #DayTrade,False
611,1385808576946610177,ccarpriceuae,2021-04-24 04:11:40+00:00,Dubai United Arab Emrates,False
612,1295659256214061056,CCarPrices,2020-08-18 09:55:04+00:00,New York,False
613,1123573442085658625,shimada_yasuo,2019-05-01 13:02:38+00:00,who cares nobody asked,False
614,1468620673115373569,F1_news_bot,2021-12-08 16:37:22+00:00,Cloud,False
615,1246097268819836935,SaschaLoLDerF1,2020-04-03 15:28:51+00:00,,False
616,1246097268819836935,SaschaLoLDerF1,2020-04-03 15:28:51+00:00,,False
617,440208936,NathanHernadez,2011-12-18 18:12:56+00:00,"Washington, USA",False
618,362606317,NaqibHaziq_,2011-08-26 17:41:26+00:00,Malaysia,False
619,1511934264975106052,rainorangenm,2022-04-07 05:10:21+00:00,late reply,False
620,1213926190458605568,Ben55949272,2020-01-05 20:52:21+00:00,,False
621,2914283434,Stoneham_Cats,2014-12-10 19:26:36+00:00,,False
622,1541123405407260672,meerkat_57,2022-06-26 18:17:18+00:00,,False
623,38360083,MaxGonzalez0825,2009-05-07 03:40:51+00:00,"Corpus Christi, TX",False
624,1455644169540616195,SithembisoMrwe2,2021-11-02 21:13:29+00:00,,False
625,1508201902957371403,CarsPicBot,2022-03-27 21:58:55+00:00,Mt. Akina,False
626,1468620673115373569,F1_news_bot,2021-12-08 16:37:22+00:00,Cloud,False
627,1458551757332701188,formulahell,2021-11-10 21:47:11+00:00,London,False
628,409546988,AutowerkesInc,2011-11-10 22:06:05+00:00,Huntington Beach,False
629,1250623594528473090,BatistaDavide,2020-04-16 03:14:42+00:00,,False
630,1475532355678965760,ayebund,2021-12-27 18:21:50+00:00,"Durham, NC",False
631,1536379395664904193,f1americaUS,2022-06-13 16:06:56+00:00,"Durham, NC",False
632,4815027155,joehart901,2016-01-15 14:50:42+00:00,"Vermont, USA",False
633,34857234,Neil_Pule,2009-04-24 05:24:25+00:00,"Brisbane, Australia",False
634,947485886408564737,NS_Billah,2017-12-31 15:13:33+00:00,,False
635,30840264,AlleenF1,2009-04-13 10:02:56+00:00,"Oss, Nederland",False
636,2801664664,janice_lovejoy,2014-10-03 09:31:57+00:00,"Manchester, England",False
637,954473252969205760,FBMyNEXTCar,2018-01-19 21:58:51+00:00,"Florida, USA",False
638,814396065357189120,Evelynm57864806,2016-12-29 09:02:07+00:00,,False
639,1045420373288923136,ForeroEspinosa,2018-09-27 21:10:14+00:00,"Bogot√°, D.C., Colombia",False
640,30588919,designerlo,2009-04-12 03:09:18+00:00,"Seoul, Korea",False
641,1444363712412934145,TDCartOfficial,2021-10-02 18:08:55+00:00,Pakistan,False
642,1357866361205129218,Mercedes_Mybach,2021-02-06 01:39:52+00:00,,False
643,1686887684,baiseeenhaut,2013-08-20 22:52:38+00:00,"Milan, MI",False
644,753267774017900544,gand_oliver,2016-07-13 16:40:07+00:00,"Detroit, MI",False
645,150178720,Martinvanek,2010-05-31 08:27:06+00:00,"Prague, Czech Republic",False
646,1314643918030598145,Jxydon6,2020-10-09 19:08:43+00:00,,False
647,304044388,davicin80,2011-05-23 20:53:54+00:00,"Madrid, World",False
648,166902658,Smugrepublik,2010-07-15 07:52:09+00:00,Lagos Nigeria,False
649,30120035,DailyGrindGear,2009-04-10 01:25:21+00:00,"Orange County, CA",False
650,4497186856,ravenrw99,2015-12-15 23:52:38+00:00,"Peoria, IL",False
651,759057467791802369,Russell_63x,2016-07-29 16:06:17+00:00,,False
652,1144697781992472578,_mobility_,2019-06-28 20:03:13+00:00,MUC | EU | US | WWW,False
653,3232151599,PaleRider_000,2015-06-01 01:56:12+00:00,221B Baker Street,False
654,1540648426165223427,sorn_to_die,2022-06-25 10:50:18+00:00,,False
655,1434905121742200837,auto_revenge,2021-09-06 15:44:02+00:00,Pyeongtaek-si,False
656,1122797315180249088,nahrafet,2019-04-29 09:38:35+00:00,"Vancouver, British Columbia",False
657,753269159027277824,DonnaldRachel,2016-07-13 16:45:37+00:00,"Virginia, USA",False
658,1499017674277412870,RPodoso,2022-03-02 13:46:12+00:00,"Podoso, Podoso",False
659,1155169910093471746,smhuludg,2019-07-27 17:35:43+00:00,"Corleone, Sicilia",False
660,1008867086595231744,kris_kuv,2018-06-19 00:20:32+00:00,,False
661,21852165,AutoExpress,2009-02-25 10:10:57+00:00,London,True
662,21852165,AutoExpress,2009-02-25 10:10:57+00:00,London,True
663,21852165,AutoExpress,2009-02-25 10:10:57+00:00,London,True
664,1091301972567879681,EVSpecs,2019-02-01 11:47:20+00:00,,False
665,1365965637164675072,DebatesSwfc,2021-02-28 10:02:51+00:00,,False
666,1334184779684732928,exolorian,2020-12-02 17:17:09+00:00,üá®üá≠üáµüáπüáøüá¶,False
667,940277332308262913,EliteRepairFL,2017-12-11 17:49:20+00:00,"Boca Raton & Delray Beach, FL",False
668,3305173236,KyuuSanmaru,2015-08-03 14:33:50+00:00,"Cement Factory, Baybee",False
669,907768420103544838,MB_BloomfieldHi,2017-09-13 00:50:31+00:00,"Bloomfield Hills, MI",False
670,1430248627558129668,nvphotology,2021-08-24 19:20:50+00:00,,False
671,718415206062403584,WubeyYusif,2016-04-08 12:28:27+00:00,"Greater Accra, Ghana",False
672,1544383220497752067,isntmadrid,2022-07-05 18:10:42+00:00,"44, 5, 3, 63",False
673,1542629208983306241,loishoneymoon,2022-06-30 22:00:57+00:00,,False
674,1487862651883556868,HaydnAshlee,2022-01-30 18:58:48+00:00,"Manchester, England",False
675,42910193,Retirefund,2009-05-27 15:51:57+00:00,Online,False
676,1519413591539130370,Alsaid_english,2022-04-27 20:30:12+00:00,"Riyadh, Saudi Arabia. ",False
677,20261406,louloulouis,2009-02-06 19:05:05+00:00,,False
678,733393916,KochamChorwacje,2012-08-02 19:21:23+00:00,Polska,False
679,253615321,AlexWitzleben,2011-02-17 16:21:04+00:00,Brussels,False
680,326048364,SinclairMerc,2011-06-29 08:47:31+00:00,Cardiff | Bridgend | Swansea | Neyland,False
681,1259969740182884352,nasobot,2020-05-11 22:13:03+00:00,,False
682,1391816541281341444,RaceLapCom,2021-05-10 18:05:05+00:00,,False
683,18904193,jobforacowgirl,2009-01-12 15:53:08+00:00,"Brewood, Stafford ",False
684,782002107062681600,copperbottomus,2016-09-30 23:40:06+00:00,,False
685,308765168,JFAutomotive,2011-05-31 23:43:21+00:00,Kent,False
686,569320642,nardiwheels,2012-05-02 18:32:10+00:00,,False
687,1200330399102197761,DataAugmented,2019-11-29 08:28:30+00:00,interwebs,False
688,1145991964191580160,3DRdNeves,2019-07-02 09:45:50+00:00,,False
689,707308373633437696,Car_Tots,2016-03-08 20:53:52+00:00,United States,False
690,896821284662804482,ESARCAR,2017-08-13 19:50:31+00:00,Jeddah,False
691,1176640496,SteveStevens47,2013-02-13 19:36:52+00:00,üî¥üî¥,False
692,703967220054024192,Inverter_cars,2016-02-28 15:37:19+00:00,"Manston, Kent",False
693,1248923673215590400,M1999_Erik,2020-04-11 10:41:26+00:00,,False
694,1391795101769379841,ArslanM90,2021-05-10 16:39:53+00:00,,False
695,201855703,Scottanonapolis,2010-10-12 19:37:37+00:00,Lunar Highlands,False
696,421151951,AudioElite1,2011-11-25 15:31:59+00:00,Roma,False
697,1255677262176935936,motorsport_ab,2020-04-30 01:56:50+00:00,Barbados,False
698,141531140,TripRR,2010-05-08 09:41:07+00:00,MumbaiüáÆüá≥,False
699,1543874015206559747,F1Insider_,2022-07-04 08:27:18+00:00,,False
700,940277332308262913,EliteRepairFL,2017-12-11 17:49:20+00:00,"Boca Raton & Delray Beach, FL",False
701,628529102,AllDayNicco,2012-07-06 16:41:46+00:00,"Los Angeles, CA",True
702,1541123405407260672,meerkat_57,2022-06-26 18:17:18+00:00,,False
703,2492906047,abdo_massa,2014-05-13 12:20:07+00:00,,False
704,25240814,SportsCarMarket,2009-03-19 04:53:42+00:00,"Portland, Oregon",False
705,42910193,Retirefund,2009-05-27 15:51:57+00:00,Online,False
706,1341338993640824832,DeanHugten,2020-12-22 11:06:21+00:00,,False
707,1497796599652753411,Hunter15500294,2022-02-27 04:52:33+00:00,,False
708,31632905,mid_day,2009-04-16 03:48:36+00:00,"Mumbai, India",True
709,36339032,Motorsport,2009-04-29 11:48:30+00:00,Miami,True
710,1478771462374932487,MBWestwood,2022-01-05 16:59:27+00:00,,False
711,1027799270920019969,Archosaur2000,2018-08-10 06:10:16+00:00,,False
712,1323270398822199296,HiltonCarSuper1,2020-11-02 14:27:33+00:00,United Kingdom,False
713,979704838891167744,spc_cars,2018-03-30 13:00:10+00:00,,False
714,1353510347504824363,BromiumMomentus,2021-01-25 01:09:56+00:00,Guadalajara üá≤üáΩ,False
715,1452102894031753216,vSamurai_NFT,2021-10-24 02:41:33+00:00,Metaverse,False
716,587155302,NASCHartinc,2012-05-22 02:29:29+00:00,"Vermont, USA",False
717,791544050281091072,Dan_the_TF_Man,2016-10-27 07:36:22+00:00,"Hoocairs, Nunyabizness",False
718,1472920732904611840,techiia_motors,2021-12-20 13:25:13+00:00,California,False
719,1356024306967470080,CamberSportsF1,2021-01-31 23:39:31+00:00,,False
720,1439110665067798530,ForzaHorizon_5,2021-09-18 06:17:19+00:00,,False
721,1125142116840112135,Ahmet27897886,2019-05-05 20:55:59+00:00,,False
722,1194265456321974272,Repo_UK,2019-11-12 14:48:17+00:00,"England, United Kingdom",False
723,1363212157157072900,CristofaloC,2021-02-20 19:42:21+00:00,,False
724,1524595058,ETribuneSports,2013-06-17 11:17:36+00:00,Pakistan,True
725,1543874015206559747,F1Insider_,2022-07-04 08:27:18+00:00,,False
726,1471541249538764802,MBstatecollege,2021-12-16 18:04:03+00:00,"State College, PA",False
727,979704838891167744,spc_cars,2018-03-30 13:00:10+00:00,,False
728,1364265286459916290,DailyExpensive,2021-02-23 17:26:15+00:00,,False
729,750062605,lisatheflute,2012-08-10 21:11:24+00:00,,False
730,942132561710600192,jbridg9,2017-12-16 20:41:21+00:00,USA ,False
731,1361450467365109761,mercedesmodern,2021-02-15 23:01:16+00:00,"Stuttgart, Germany",False
732,979704838891167744,spc_cars,2018-03-30 13:00:10+00:00,,False
733,1539680001523597312,costipredoiucz,2022-06-22 18:41:51+00:00,Romania,False
734,989027132906057729,buyusedcarparts,2018-04-25 06:23:38+00:00,"Amritsar, India",False
735,196262239,Ginu_x,2010-09-28 18:20:16+00:00,"Napoli, Campania",False
736,149226974,Sporturo,2010-05-28 19:08:10+00:00,"Goostrey, Cheshire, England",False
737,2555486467,SiliconBayPartn,2014-06-08 20:45:12+00:00,,False
738,1314629000,rnaudmeunier,2013-03-29 17:46:50+00:00,Made in Auvergne üåã,False
739,1450656671731118082,azaleanna,2021-10-20 02:54:49+00:00,,False
740,1540648426165223427,sorn_to_die,2022-06-25 10:50:18+00:00,,False
741,1543874015206559747,F1Insider_,2022-07-04 08:27:18+00:00,,False
742,1269120139007528960,carthageburning,2020-06-06 04:13:44+00:00,,False
743,1544048698191237120,DVoiuh,2022-07-04 20:01:37+00:00,,False
744,1181599236019884032,truckpages,2019-10-08 15:57:00+00:00,Peterborough,False
745,1521410516547248129,TPracDriver,2022-05-03 08:45:29+00:00,"Dubai, UAE",False
746,1511483481297092609,mrakesano,2022-04-05 23:18:45+00:00,,False
747,1270709689743847425,AutolandM,2020-06-10 13:30:07+00:00,Sheikh zayed towards Abu dhabi,False
748,1520364230855245824,NoMoreFOMO_inc,2022-04-30 11:29:55+00:00,,False
749,948929210919170048,NefelibataLotus,2018-01-04 14:48:48+00:00,,False
750,1407734932911255554,DesignJanici,2021-06-23 16:19:51+00:00,"Chandpur,Chittagang,Bangladesh",False
751,1501089417594904580,TexasPro3,2022-03-08 06:56:38+00:00,,False
752,1485456651482124291,dimilethfckr69,2022-01-24 03:37:32+00:00,,False
753,816849789325312000,szilviade_,2017-01-05 03:32:20+00:00,,False
754,1401598429344763914,DragonEmporiumm,2021-06-06 18:05:28+00:00,,False
755,486022227,szujozoltan,2012-02-07 20:51:19+00:00,,False
756,1191343718709678080,IoliteQueen,2019-11-04 13:17:58+00:00,,False
757,1059541408820936704,Rdunne0,2018-11-05 20:22:11+00:00,"Laois, Ireland",False
758,1253324685032345605,AAG_UAE,2020-04-23 14:08:00+00:00,Dubai - United Arab Emirates,False
759,1541123405407260672,meerkat_57,2022-06-26 18:17:18+00:00,,False
760,1501089417594904580,TexasPro3,2022-03-08 06:56:38+00:00,,False
761,353283137,shegezane,2011-08-11 20:51:31+00:00,byleth's tiddies,False
762,1501089417594904580,TexasPro3,2022-03-08 06:56:38+00:00,,False
763,1543874015206559747,F1Insider_,2022-07-04 08:27:18+00:00,,False
764,1482294703,DeviantDealer,2013-06-04 13:23:04+00:00,"Lenasia, South Africa",False
765,1167654774789070860,Richelieu_FFNF,2019-08-31 04:26:20+00:00,,False
766,4805488394,Rhyynoe,2016-01-24 02:09:47+00:00,Kiwi in brisbane,False
767,1268672936270983169,mksg88,2020-06-04 22:37:19+00:00,‰ªôÂè∞Â∏Ç„ÉªÂØ∂Áè†Â±±ÔºàÂõΩË¶ãÔºâ‰ªôÂè∞„Çπ„ÉÜ„Éº„Ç≠„Éª„Éõ„É´„É¢„É≥„ÄåÊ≥âÂíåÂúü„Äç,False
768,1543951280426598401,undercut___,2022-07-04 13:34:14+00:00,Italia,False
769,1354040327330557953,MahleekMxv,2021-01-26 12:16:11+00:00,"Nairobi, Kenya",False
770,597538392,tukiomob,2012-06-02 14:28:46+00:00,ÈùíÁçÖÂ≠êÂ≠¶Á¥ö,False
771,1456228393234493446,ReddySalina,2021-11-04 11:55:13+00:00,Earth,False
772,979704838891167744,spc_cars,2018-03-30 13:00:10+00:00,,False
773,1240923950827229184,TorqueXpert,2020-03-20 08:54:07+00:00,India,False
774,900252427,MercedesBenzFor,2012-10-23 17:13:22+00:00,"Europe , Bulgaria",False
775,1344074876,hernand_alonso,2013-04-11 10:36:14+00:00,,False
776,2903849309,carnationdirect,2014-12-03 15:04:10+00:00,"Burlington, ON",False
777,701055098852478976,Playzbydayz,2016-02-20 14:45:35+00:00,,False
778,1076212864292147200,RobertLuuten,2018-12-21 20:28:36+00:00,,False
779,472431968,Bratzas,2012-01-23 23:09:29+00:00,Deutschland,False
780,3294786290,VictorSochima,2015-07-26 09:10:48+00:00,"Lagos, Nigeria",False
781,3094427550,RCcarcare,2015-03-17 19:54:35+00:00,Sydney Australia,False
782,979704838891167744,spc_cars,2018-03-30 13:00:10+00:00,,False
783,873640892405624832,chaiwarrior,2017-06-10 20:39:54+00:00,,False
784,1523972126902038529,thereportagef1,2022-05-10 10:25:31+00:00,,False
785,48350617,MMGMercedesBenz,2009-06-18 13:35:40+00:00,9 locations in the UK,False
786,723488722637959168,Imexpart_Ltd,2016-04-22 12:28:48+00:00,United Kingdom,False
787,1489555384515936262,AutomotiveBtn,2022-02-04 11:04:21+00:00,"Furnace Lane, Wellingborough ",False
788,13560972,CarsAutosRides,2008-02-16 18:57:11+00:00,,False
789,979704838891167744,spc_cars,2018-03-30 13:00:10+00:00,,False
790,15992759,luxurylifestyle,2008-08-26 05:05:37+00:00,Global Luxury Resource,False
791,1197761779713089536,RidingTransport,2019-11-22 06:20:55+00:00,"England, United Kingdom",False
792,3046490198,thetribunechd,2015-02-27 12:48:01+00:00,Chandigarh,True
793,1224008227383390208,giovannidotpoli,2020-02-02 16:34:55+00:00,Italy,False
794,188760493,natsuyuki_h,2010-09-09 14:43:55+00:00,Êó•Âá∫„Åö„ÇãÂõΩ„ÅÆÊù±„ÅÆÊñπ,False
795,1508201902957371403,CarsPicBot,2022-03-27 21:58:55+00:00,Mt. Akina,False
796,791813070,Gakumo_Migwi,2012-08-30 15:23:19+00:00,A Soul On A Journey -Kenyaüá∞üá™,False
797,1324218311538855937,AutoAfricTV,2020-11-05 05:14:17+00:00,"ACCRA, GHANA",False
798,1391564527980859396,HandshakeSLDs,2021-05-10 01:24:22+00:00,Handshake Blockchain,False
799,824985803629666304,SangKip4,2017-01-27 14:21:58+00:00,Earth ,False
800,632900516,autoelectroltd,2012-07-11 13:34:22+00:00,"Bradford, England",False
801,42640131,DJone01,2009-05-26 14:57:09+00:00,"London, England",False
802,1424335168429494278,VRACRYPTOLEGEND,2021-08-08 11:42:47+00:00,,False
803,737099436,autosmotosnet,2012-08-04 17:26:33+00:00,Belgium,False
804,1466414943880757254,CoinbaseDefieth,2021-12-02 14:32:32+00:00,üå∏District 9 of Singaporeüå∏,False
805,1221822260,MSportMonday,2013-02-26 14:01:46+00:00,At a race track near you...,False
806,1468502800766484480,Limin94727596,2021-12-08 08:48:55+00:00,District 9 of Singapore,False
807,1113433833930670080,AkheChaqal,2019-04-03 13:31:27+00:00,,False
808,1440259859228753922,KzWsCBp6iND7ls5,2021-09-21 10:21:36+00:00,,False
809,988437727220764672,PilotoBarbosa,2018-04-23 15:21:33+00:00,"Jacarepagu√°, Rio de Janeiro",False
810,184139746,BartechMarine,2010-08-28 20:04:58+00:00,"Colchester, Essex",False
811,27343080,MotorsportWeek,2009-03-29 00:27:29+00:00,Worldwide,False
812,3207764663,Ciddiyet,2015-04-26 06:55:40+00:00,Istanbul,False
813,3230892287,lovecarindustry,2015-05-03 15:55:49+00:00,,False
814,545341065,4Mark1,2012-04-04 16:31:27+00:00,Norfolk U.K.,False
815,1475978950836822016,iWrapDesigns,2021-12-28 23:56:37+00:00,Australia,False
816,209466161,amrris,2010-10-29 07:26:05+00:00,SHK„ÅÆ„Å©„Åì„Åã,False
817,1246159801,Akira_s4,2013-03-06 13:52:48+00:00,„Éá„Ç£„Éü„É¨„Çπ„Å°„ÇÉ„Çì„ÅÆ„Éô„ÉÉ„Éâ„ÅÆÂ§©Ëìã,False
818,1477573071934476289,MBPASSION_DE,2022-01-02 09:31:08+00:00,Germany,False
819,852440385695629312,propelauto,2017-04-13 08:36:40+00:00,Singapore,False
820,1482294703,DeviantDealer,2013-06-04 13:23:04+00:00,"Lenasia, South Africa",False
821,958263347165716486,seroptiktr,2018-01-30 08:59:20+00:00,"Istanbul, Turkey",False
822,1496598990913220609,NathanBanx,2022-02-23 21:33:43+00:00,UK,False
823,1455439397273305089,CarOneAutomotiv,2021-11-02 07:39:48+00:00,"Hendra, Queensland, Australia",False
824,1435568221289992196,dellyranksindia,2021-09-08 11:38:35+00:00,"New Delhi, India",False
825,1531166694520999937,Vicky_kng,2022-05-30 06:52:51+00:00,,False
826,1530235641073700867,luxurywheelshq,2022-05-27 17:13:17+00:00,,False
827,737099436,autosmotosnet,2012-08-04 17:26:33+00:00,Belgium,False
828,795678415,VTownGotSmoke,2012-09-01 09:01:36+00:00,"Vallejo, CA - Orlando, FL",False
829,1127829883013361665,xaelbot,2019-05-13 06:56:12+00:00,Earth,False
830,1441576083640360968,Madhvendrax,2021-09-25 01:31:48+00:00,"Aligarh, India",False
831,1331611799053955073,B0tSci,2020-11-25 14:52:59+00:00,,False
832,1270219970157309952,cestlavie486,2020-06-09 05:03:47+00:00,,False
833,3367125815,SentoriGunnah,2015-07-09 05:12:54+00:00,"New York, NY",False
834,1203153399266459649,LovelydayTech,2019-12-07 03:25:30+00:00,,False
835,1203153399266459649,LovelydayTech,2019-12-07 03:25:30+00:00,,False
836,1459060367191990275,sushantsingh141,2021-11-12 07:28:09+00:00,,False
837,1507984423,TheKing_Richie,2013-06-12 01:10:26+00:00,,False
838,916221973243469824,Straight_bangs4,2017-10-06 08:41:55+00:00,,False
839,174577315,LordBenAriel,2010-08-04 07:55:15+00:00,,False
840,174577315,LordBenAriel,2010-08-04 07:55:15+00:00,,False
841,2577202094,gottaggedmag,2014-06-19 17:20:04+00:00,South Africa,False
842,1420776828470431750,Kayn55928167,2021-07-29 16:03:00+00:00,Danmark,False
843,1210103290161070080,vickey_singhh,2019-12-26 07:41:47+00:00,Delhi,False
844,2732529079,TechStoryin,2014-08-14 18:49:46+00:00,United States,False
845,929388489745018880,TheSkullKidman,2017-11-11 16:40:57+00:00,He/Him | üá´üá∑,False
846,753268436965425152,julian_russelll,2016-07-13 16:42:45+00:00,New York,False
847,1305471100151791617,Vlad48458159,2020-09-14 11:39:11+00:00,"Ukraine, Poltava region",False
848,4800109465,brookins_dwayne,2016-01-22 22:25:24+00:00,,False
849,1156128822762147840,tieuytien1,2019-07-30 09:06:05+00:00,,False
850,787925458868248576,Sellbuyauto,2016-10-17 07:57:23+00:00,Australia,False
851,3007432392,shehmir99,2015-02-02 03:27:53+00:00,"Lahore, Pakistan",False
852,1226507024508293120,RVingOutdoors,2020-02-09 14:04:08+00:00,,False
853,80788465,zubinmehta4,2009-10-08 07:04:56+00:00,"Gaia, terra mater-Mother¬†Earth",False
854,3998785879,VerityHattress,2015-10-24 04:56:42+00:00,,False
855,3171540841,imbiswajit__,2015-04-25 02:00:59+00:00,"Talcher, Angul, Odisha",False
856,100986964,PulpNews,2010-01-01 14:32:20+00:00,USA,False
857,1012889485481148417,kongkongmonkey,2018-06-30 02:44:06+00:00,Gotem,False
858,838944784093970433,Bvidas25,2017-03-07 02:49:58+00:00,"Santiago, Chile",False
859,4879900864,YaBoiiDree,2016-02-06 02:41:50+00:00,EAD,False
860,1376007922900144129,CardsKohler,2021-03-28 03:07:42+00:00,"Kohler, WI",False
861,34574765,saurabharora,2009-04-23 09:36:05+00:00,,False
862,39318256,gstrafacci,2009-05-11 19:17:29+00:00,Brazil - S√£o Paulo,False
863,90188586,JohnnyEzz,2009-11-15 16:01:36+00:00,"Petaling Jaya, Selangor",False
864,801820831823360000,dSurio03,2016-11-24 16:12:38+00:00,,False
865,2235452870,merasays_,2013-12-08 04:05:02+00:00,,False
866,1267308972089806848,YeetSkeetBeatM6,2020-06-01 04:16:47+00:00,,False
867,2371237507,AlphamonEXE,2014-03-04 02:10:42+00:00,,False
868,1222605844883206144,coolnatureshots,2020-01-29 19:43:00+00:00,,False
869,1468620673115373569,F1_news_bot,2021-12-08 16:37:22+00:00,Cloud,False
870,1541123405407260672,meerkat_57,2022-06-26 18:17:18+00:00,,False
871,1386787881130381313,YuriHimeSama1,2021-04-26 21:03:07+00:00,,False
872,1030655401585516545,antitractionist,2018-08-18 03:19:31+00:00,,False
873,1412329612474937347,EWKtools,2021-07-06 08:37:02+00:00,,False
874,1112875661138579456,whatisbestnow,2019-04-02 00:33:28+00:00,"Los Angeles, CA",False
875,1112875661138579456,whatisbestnow,2019-04-02 00:33:28+00:00,"Los Angeles, CA",False
876,1112875661138579456,whatisbestnow,2019-04-02 00:33:28+00:00,"Los Angeles, CA",False
877,2300501173,BestTLD,2014-01-20 00:01:03+00:00,,False
878,2300501173,BestTLD,2014-01-20 00:01:03+00:00,,False
879,2338348428,FremontCyril,2014-02-11 13:07:06+00:00,"Paris, France",False
880,1492228580629172225,cjcf_pop,2022-02-11 20:06:56+00:00,3rd moon of Neptune ,False
881,1222605844883206144,coolnatureshots,2020-01-29 19:43:00+00:00,,False
882,1541123405407260672,meerkat_57,2022-06-26 18:17:18+00:00,,False
883,1228827017023545344,MarioAlfredoC15,2020-02-15 23:43:00+00:00,,False
884,1042172918309052417,doubl02,2018-09-18 22:06:01+00:00,United States,False
885,282980312,kennykenturky,2011-04-16 09:58:21+00:00,"Lagos, Nigeria",False
886,1294481949197848578,M4RKMRQ2Z1,2020-08-15 03:52:28+00:00,,False
887,1963746013,WifeyUniversity,2013-10-16 01:12:52+00:00,"Coronado, CA",False
888,3092702136,LattmannOliver,2015-03-17 07:42:51+00:00,worldwide,False
889,1541123405407260672,meerkat_57,2022-06-26 18:17:18+00:00,,False
890,973382181291679744,gwagenparts_com,2018-03-13 02:16:11+00:00,,False
891,30567080,e2online,2009-04-12 01:04:41+00:00,Worldwide,False
892,3295355949,cjhm_models,2015-05-23 16:17:38+00:00,Morecambe (formerly Brighton!),False
893,992732940831477760,8445084450m,2018-05-05 11:49:11+00:00,France,False
894,1194960542,QdosEventHire,2013-02-18 21:23:29+00:00,"Chalfont St Peter, South East",False
895,1491008991765438474,GokbasEge,2022-02-08 11:20:48+00:00,,False
896,106481279,TTUltimateForum,2010-01-19 18:09:50+00:00,Italy,False
897,1214441522889928704,Saifnabell360,2020-01-07 07:00:40+00:00,"Zaria, Nigeria",False
898,1541123405407260672,meerkat_57,2022-06-26 18:17:18+00:00,,False
899,3992805111,3drenderbot,2015-10-19 07:24:59+00:00,The Web,False
900,763189490546597888,marioace5005,2016-08-10 01:45:28+00:00,,False
901,3321122411,Hiba76Sh,2015-06-12 15:21:30+00:00,"Missouri, USA",False
902,825625711788617729,aleph_cer0,2017-01-29 08:44:43+00:00,,False
903,798508464750399488,BrunoFBeats1807,2016-11-15 12:50:28+00:00,,False
904,13560972,CarsAutosRides,2008-02-16 18:57:11+00:00,,False
905,1500952302181662721,markupsorg,2022-03-07 21:52:12+00:00,United States,False
906,1265350000982310913,Marty___McFIy,2020-05-26 18:32:14+00:00,,False
907,174501512,vboyev,2010-08-04 02:28:14+00:00,Ukraine,False
908,1039911645399670784,RolaReza,2018-09-12 16:20:31+00:00,"Dallas, TX",False
909,1130661843041628166,Ellie34amg,2019-05-21 02:29:24+00:00,"Stuttgart, Baden-W√ºrttemberg",False
910,1323713568735399938,JSonic2021,2020-11-03 19:48:12+00:00,,False
911,1499327506775777285,thrillthegridf1,2022-03-03 10:15:25+00:00,,False
912,911672945264783361,ruth_viopnd,2017-09-23 19:25:43+00:00,"Oxford, England",False
913,1314629000,rnaudmeunier,2013-03-29 17:46:50+00:00,Made in Auvergne üåã,False
914,1506938885330419716,siya010101,2022-03-24 10:20:25+00:00,,False
915,1367278400948338695,SusanBe40726203,2021-03-04 00:59:46+00:00,"Glasgow, Scotland",False
916,369437792,roryrossi,2011-09-07 10:52:55+00:00,,False
917,127634410,archininja,2010-03-29 20:24:54+00:00,Former Yugoslav Republic of Ma,False
918,1017077227295596544,TachibanaKana_,2018-07-11 16:04:42+00:00,"Ontario, Canada",False
919,233299784,neilmbriscoe,2011-01-02 21:42:15+00:00,"Belfast, Northern Ireland",False
920,1249431194552291328,Sigma59826129,2020-04-12 20:16:38+00:00,,False
921,753595458103238656,elli_clari,2016-07-14 14:22:13+00:00,"Texas City, TX",False
922,903094019009294336,LePhuongUyen6,2017-08-31 03:16:07+00:00,,False
923,1345621777,KTonarella,2013-04-12 00:29:46+00:00,,False
924,384742335,Karentwiny,2011-10-04 07:34:08+00:00,"Romford, London",False
925,287827839,yeatesy46,2011-04-25 19:12:40+00:00,Earth,False
926,1423333308109258754,GodEvilDemon,2021-08-05 17:21:45+00:00,,False
927,4351564212,MartReality13,2015-11-25 03:23:38+00:00,,False
928,957269606502162432,aohereng,2018-01-27 15:10:34+00:00,"England, United Kingdom",False
929,914379839515320320,MaggyChatter,2017-10-01 06:41:56+00:00,NY,False
930,1499373132540362760,CryptoGageSF,2022-03-03 13:20:31+00:00,"San Francisco, CA",False
931,1429573873930948618,WasThe99,2021-08-22 22:39:19+00:00,"San Francisco, CA",False
932,3302347905,DominicSega123,2015-05-29 02:48:59+00:00,"New Jersey, USA",False
933,2500113494,f1fantwo,2014-05-16 23:23:17+00:00,Worldwide,False
934,1544035986153283585,LogisticsTj,2022-07-04 19:11:10+00:00,,False
935,287827839,yeatesy46,2011-04-25 19:12:40+00:00,Earth,False
936,1508201902957371403,CarsPicBot,2022-03-27 21:58:55+00:00,Mt. Akina,False
937,1265369096415318017,Gmass321,2020-05-26 19:48:12+00:00,"Newry, Northern Ireland",False
938,2768238551,Wielovic,2014-09-12 20:21:05+00:00,,False
939,1525976517766946816,MNDteambeige,2022-05-15 23:09:04+00:00,,False
940,798508464750399488,BrunoFBeats1807,2016-11-15 12:50:28+00:00,,False
941,1282267707119767562,HiraveRithish,2020-07-12 10:57:46+00:00,,False
942,1487885317420068867,Lindylew44,2022-01-30 20:30:04+00:00,,False
943,832280117464465408,MercedesWSalem,2017-02-16 17:26:57+00:00,"Winston-Salem, NC",False
944,18062064,londonhonda,2008-12-11 22:11:16+00:00,560 Wharncliffe Rd S London ON,False
945,1468620673115373569,F1_news_bot,2021-12-08 16:37:22+00:00,Cloud,False
946,1384148512829427712,CarpeYuri,2021-04-19 14:15:10+00:00,,False
947,1213708727666110470,RyanGendreau3,2020-01-05 06:28:13+00:00,,False
948,261136146,electricfelix,2011-03-05 09:25:07+00:00,Europe,False
949,1323911274141519872,anders_edstrom,2020-11-04 08:54:02+00:00,"G√§vle, Sverige",False
950,805023767663706113,totya_66,2016-12-03 12:19:57+00:00,Magyarorsz√°g,False
951,253615321,AlexWitzleben,2011-02-17 16:21:04+00:00,Brussels,False
952,3068389260,Isaac_Vs831,2015-03-08 15:50:59+00:00,Costa Rica ,False
953,729009748943736832,carguy7_rick,2016-05-07 18:07:23+00:00,"Toledo, OH",False
954,1535887257084825601,drive_talking,2022-06-12 07:30:44+00:00,Ireland,False
955,1541947591,Daraghmclove,2013-06-23 21:56:26+00:00,Baile √Åtha Cliath,False
956,97947837,UnimogCommunity,2009-12-19 18:00:50+00:00,"Gaggenau, Germany",False
957,1001550055688556544,JoshOsh2,2018-05-29 19:45:15+00:00,"Ontario, Canada",False
958,1966763094,uscyuukarin,2013-10-17 13:05:01+00:00,,False
959,1966763094,uscyuukarin,2013-10-17 13:05:01+00:00,,False
960,1966763094,uscyuukarin,2013-10-17 13:05:01+00:00,,False
961,54331771,Voyagerairports,2009-07-06 21:02:15+00:00,"Northamptonshire, UK",False
962,1300457206668832768,MrBenGharbia,2020-08-31 15:36:17+00:00,,False
963,36810195,ryanlohan,2009-04-30 23:26:45+00:00,"California, USA",False
964,36038666,shellnchris1965,2009-04-28 11:01:53+00:00,"North West, England",False
965,1180392848811646977,NadiaSuzumiya,2019-10-05 08:03:14+00:00,,False
966,470225006,KellyBarlow98,2012-01-21 13:17:13+00:00,"Derby, England",False
967,502302303,UncleJuice2050,2012-02-25 00:47:40+00:00,,False
968,1416657013891899394,Spice7772,2021-07-18 07:12:27+00:00,,False
969,163892413,dejiplus,2010-07-07 14:49:54+00:00,,False
970,1249761624266657793,CrossingRice,2020-04-13 18:09:36+00:00,The Skeld,False
971,1433202741317406721,Therealgrizzly8,2021-09-01 23:00:07+00:00,Quelques part,False
972,702603364496834560,LuisOshaSE,2016-02-24 21:17:50+00:00,,False
973,30840264,AlleenF1,2009-04-13 10:02:56+00:00,"Oss, Nederland",False
974,877523223734308864,OathKRoxas99,2017-06-21 13:46:54+00:00,"Lithonia, Georgia",False
975,2447767250,TakeThatFanBase,2014-04-16 18:34:06+00:00,Based in Germany / Netherlands,False
976,3403256225,blckcrs,2015-08-04 20:46:12+00:00,,False
977,1082383681,rhumphreyvargas,2013-01-12 09:17:20+00:00,"EYE, Suffolk & DISS, Norfolk.",False
978,194079073,universityob,2010-09-23 11:30:41+00:00,,False
979,1451827563416989701,Abdulla83087897,2021-10-23 08:27:33+00:00,Kuwait,False
980,564790115,Todd906,2012-04-27 17:44:56+00:00,"Portland, OR",False
981,985471159427887105,Sugarhelchen,2018-04-15 10:53:28+00:00,,False
982,1349829481930903553,KuceraSamuel,2021-01-14 21:23:37+00:00,Slovensk√° republika,False
983,2554497362,changinglanesIE,2014-06-08 11:20:34+00:00,"Wexford, Ireland",False
984,1224192077145219072,EuniceR61415498,2020-02-03 04:46:44+00:00,"S√£o Paulo, Brazil ",False
985,1229039349544693762,northernskycars,2020-02-16 13:46:49+00:00,"North East, England",False
986,1422654912895365122,RenanOl57039556,2021-08-03 20:27:17+00:00,,False
987,1443051713464881157,CarPrime2,2021-09-29 03:15:33+00:00,,False
988,1401080054,CkaooaPlays,2013-05-04 00:46:08+00:00,"Virginia, USA",False
989,1541947591,Daraghmclove,2013-06-23 21:56:26+00:00,Baile √Åtha Cliath,False
990,4546799848,daniel_mullett,2015-12-20 13:52:11+00:00,,False
991,948059846246576129,Lewdder,2018-01-02 05:14:16+00:00,Atlanta,False
992,1422982217513508873,Manickey261,2021-08-04 18:06:36+00:00,üá≤üáΩ/üá∫üá∏,False
993,2845049807,Hildasahi,2014-10-26 11:37:08+00:00,,False
994,1936986420,EvaaRashid,2013-10-05 09:02:33+00:00,"Ilford, Essex",False
995,323325598,FreezySama,2011-06-24 16:52:40+00:00,Midnight City,False
996,36426209,csubhamoy,2009-04-29 18:02:01+00:00,India,False
997,1069687600884142080,docchloroplast,2018-12-03 20:19:32+00:00,,False
998,2156189079,red12222,2013-10-27 18:53:52+00:00,,False
999,588453070,wellnessinside,2012-05-23 17:34:50+00:00,"Vienna, Austria",False
1000,770394901955612676,Emblemedufeu,2016-08-29 22:57:12+00:00,France,False
1001,1471987165055930372,Tiafoudji,2021-12-17 23:35:17+00:00,"Littoral, Cameroon",False
1002,2500113494,f1fantwo,2014-05-16 23:23:17+00:00,Worldwide,False
1003,3298415044,TRmotosports,2015-05-25 19:54:59+00:00,"ƒ∞stanbul, T√ºrkiye",False
1004,1034817051238514688,momiji_doa,2018-08-29 14:56:25+00:00,,False
1005,737099436,autosmotosnet,2012-08-04 17:26:33+00:00,Belgium,False
1006,1196129835170631681,BonsuFifi,2019-11-17 18:16:25+00:00,,False
1007,1011668491076857857,alain_wessel,2018-06-26 17:52:18+00:00,"Lausanne, Suisse",False
1008,2395685646,WINDVONDERVENUS,2014-03-18 05:45:09+00:00,,False
1009,1242367394586210305,5_Red_Lights,2020-03-24 08:27:51+00:00,London,False
1010,819314449,grupoadarsa,2012-09-12 10:46:55+00:00,,False
1011,537258717,derrickhines2,2012-03-26 12:31:53+00:00,Washington DC,False
1012,63489747,RallyeMotors1,2009-08-06 17:34:01+00:00,"Roslyn, NY",False
1013,4787436670,sleepysoltired,2016-01-12 20:17:08+00:00,,False
1014,1253557010831773697,OrJT6wHrmODG9qi,2020-04-24 05:31:33+00:00,,False
1015,1393329615318433794,OhINoSheTwitent,2021-05-14 22:17:44+00:00,World ,False
1016,1104342764102139904,MahoreYashav,2019-03-09 11:26:47+00:00,"Bharatpur, India",False
1017,38170974,MercedesAMG,2009-05-06 12:53:42+00:00,"Affalterbach, Germany",True
1018,1494601088925900812,BW_f1everyweek,2022-02-18 09:14:40+00:00,,False
1019,1496292030431039490,Broseidon_00,2022-02-23 01:13:26+00:00,,False
1020,36367615,string1979,2009-04-29 14:19:57+00:00,"Ballymoney, Northern Ireland",False
1021,1871859348,Sandownmercedes,2013-09-16 14:39:08+00:00,United Kingdom,False
1022,1505696350712832001,ShopkeeperMaya,2022-03-21 00:02:52+00:00,,False
1023,2779231565,EbelingKristina,2014-09-21 17:38:49+00:00,,False
1024,923243950147641344,pnt_pani,2017-10-25 17:44:45+00:00,L-1485,False
1025,1324980633957928960,rutumbhara123,2020-11-07 07:43:12+00:00,,False
1026,925450393840168960,Ilse0950,2017-10-31 19:52:22+00:00,"Halle, Belgium",False
1027,877481769863446528,UmaronCars,2017-06-21 11:02:11+00:00,"London, England",False
1028,838861923307433985,MBatLongofChatt,2017-03-06 21:20:42+00:00,"Chattanooga, TN",False
1029,1148420378,yhakz39,2013-02-04 16:14:31+00:00,"Zaria ‚Ä¢ Abuja, Nigeria",False
1030,1524595058,ETribuneSports,2013-06-17 11:17:36+00:00,Pakistan,True
1031,1500562744919171073,CommercialeSeme,2022-03-06 20:04:10+00:00,"North Miami, Florida",False
1032,1384436885804789760,Ekaterinagalah2,2021-04-20 09:21:16+00:00,Moscow Russia,False
1033,259815439,FreshStartWaste,2011-03-02 17:13:59+00:00,Manchester,False
1034,931131397074497536,Alderidan,2017-11-16 12:06:39+00:00,,False
1035,303553579,petergreen31,2011-05-23 02:30:22+00:00,South Wales,False
1036,976400847692156929,bitcoinballer23,2018-03-21 10:11:17+00:00,This side of the Black Stump,False
1037,243698394,MBParamus,2011-01-27 16:32:31+00:00,"Paramus, NJ",False
1038,739127711780605955,Nathan_Drizzy,2016-06-04 16:12:33+00:00,,False
1039,1253324685032345605,AAG_UAE,2020-04-23 14:08:00+00:00,Dubai - United Arab Emirates,False
1040,388563790,Butterfly_blue3,2011-10-10 23:38:18+00:00,,False
1041,736101486,MikeTheKingWalk,2012-08-04 04:46:10+00:00,Earth,False
1042,1434905121742200837,auto_revenge,2021-09-06 15:44:02+00:00,Pyeongtaek-si,False
1043,181642542,manuel_estradar,2010-08-22 18:26:25+00:00,"Centro de la Ciudad de M√©xico,",False
1044,1313034873196683265,discount_spares,2020-10-05 08:35:04+00:00,Nelspruit,False
1045,1140721922797424641,stevenshark790_,2019-06-17 20:44:34+00:00,,False
1046,1143337860273266690,BatkingFinalMix,2019-06-25 01:59:22+00:00,,False
1047,1543874015206559747,F1Insider_,2022-07-04 08:27:18+00:00,,False
1048,337598451,Brain1Brain,2011-07-18 08:38:56+00:00,"London, England",False
1049,1525463660910546947,NikoletaMer,2022-05-14 13:10:57+00:00,Under the sea near Florida,False
1050,1100792382419886080,HqSpares,2019-02-27 16:18:50+00:00,United Kingdom,False
1051,1120694688984567808,joachim_rene,2019-04-23 14:23:30+00:00,Sri Lanka,False
1052,1493298633789382666,JoelMercenary,2022-02-14 18:58:49+00:00,,False
1053,2162359035,___FiFo___,2013-10-31 20:56:02+00:00,Discord FiFo#3315 | (Any/All),False
1054,433690452,___Zei___,2011-12-10 22:04:39+00:00,Discord | Zei ‚òÜ#9563 (She/Her),False
1055,993178516597362689,MeLikeStumps,2018-05-06 17:19:45+00:00,,False
1056,95615704,junjokerando,2009-12-09 10:04:45+00:00,"Yokosuka,JP / Stuttgart,DE",False
1057,4649705663,TyrantLizard45,2015-12-30 03:28:36+00:00,üá®üá¶,False
1058,259815439,FreshStartWaste,2011-03-02 17:13:59+00:00,Manchester,False
1059,249035223,weikai615,2011-02-08 06:36:08+00:00,,False
1060,141794717,xdialga361445x,2010-05-09 02:27:35+00:00,"Yorba Linda, CA",False
1061,1382856899243220995,MugiwaraMaster,2021-04-16 00:42:44+00:00,Da‚Äôat,False
1062,1064604063675834368,XenoJaed,2018-11-19 19:39:22+00:00,"Alberta, Canada",False
1063,1447352098664947716,GhoulyGloom,2021-10-11 00:03:41+00:00,,False
1064,1258150586358398981,yunonono3,2020-05-06 21:44:22+00:00,renown king of grappling lover,False
1065,976615482,ProfileMasking,2012-11-28 17:47:06+00:00,"Another day, another sin.",False
1066,320373313,DarkZeroUnit,2011-06-19 20:02:50+00:00,Earth,False
1067,1281391883734876161,gregory_strauss,2020-07-10 00:56:58+00:00,"San Antonio, TX",False
1068,2984672708,bruhmomentos_,2015-01-15 22:55:03+00:00,"Alberta, Canada",False
1069,855925873085644804,AlyDioSpam,2017-04-22 23:26:45+00:00,h : Ê∂ºÈ¢®„ÇÜ„ÇÑ,False
1070,3312873050,Prof_Sterlin,2015-08-12 00:39:40+00:00,"Fairview, TN",False
1071,1678023409,ll_Beans_ll,2013-08-17 11:24:35+00:00,Warioland ,False
1072,716297017887219713,SwordmasterArie,2016-04-02 16:11:32+00:00,The Netherlands,False
1073,1370842242965852167,DarthMarth3,2021-03-13 21:01:28+00:00,,False
1074,910884965281337346,PasgettiLuva,2017-09-21 15:14:33+00:00,,False
1075,774847176,azureawakener,2012-08-23 01:02:28+00:00,Troubleshooter üö®,False
1076,1357359748518191111,SOGOmobility,2021-02-04 16:06:35+00:00,United Kingdom,False
1077,2843655957,Jelmts,2014-10-25 13:39:24+00:00,"Ontario, Canada",False
1078,877981157660528644,Tennec3,2017-06-22 20:06:34+00:00,,False
1079,387892100,KATYJONES1977,2011-10-09 20:44:26+00:00,Newport Pagnell Bucks,False
1080,995780584403361793,HPrincessBianca,2018-05-13 21:39:26+00:00,"London, England",False
1081,1069774784832012288,allethdra,2018-12-04 02:05:58+00:00,Australia,False
1082,66822863,AliciaOrangee,2009-08-18 22:27:15+00:00,"somewhere, sometime",False
1083,18861460,_VJ77,2009-01-11 08:38:24+00:00,"Midlands, England",False
1084,836367984,HowardDonald,2012-09-20 21:14:51+00:00,,True
1085,820346431286505477,jhonycualquiera,2017-01-14 19:06:45+00:00,,False
1086,26257367,castcuraga,2009-03-24 15:29:13+00:00,,False
1087,1482294703,DeviantDealer,2013-06-04 13:23:04+00:00,"Lenasia, South Africa",False
1088,242510400,mercedesbenzokc,2011-01-24 23:27:18+00:00,"Oklahoma City, OK",False
1089,913195253208772608,sprinterokc,2017-09-28 00:14:49+00:00,"Oklahoma City, OK",False
1090,1541123405407260672,meerkat_57,2022-06-26 18:17:18+00:00,,False
1091,289955926,MercedesNigeria,2011-04-29 14:14:38+00:00,Nigeria,False
1092,1241040179495874563,News247Planet,2020-03-20 16:33:48+00:00,,False
1093,724161964780457985,MadridMotorS,2016-04-24 09:04:01+00:00,"Madrid, Comunidad de Madrid",False
1094,33356230,DaveezB,2009-04-20 00:39:56+00:00,"Charlotte, NC",False
1095,1020786719631831040,Courbe_Kanero,2018-07-21 21:44:54+00:00,"Alsace, France",False
1096,3013948459,Clockletone,2015-02-09 03:02:43+00:00,,False
1097,1342176460354826242,DiamondPrescis,2020-12-24 18:33:11+00:00,,False
1098,4584701356,Incubus_Index,2015-12-24 02:24:05+00:00,United States,False
1099,1510137247252697092,gititstore,2022-04-02 06:09:43+00:00,,False
1100,1505752790252941317,ArmyZxGamerZ1,2022-03-21 03:47:32+00:00,,False
1101,1033178032695959553,MonadoJoJo,2018-08-25 02:23:33+00:00,"Here, obviously! ",False
1102,1153752103648727042,myre36,2019-07-23 19:41:51+00:00,Iceland,False
1103,1489555384515936262,AutomotiveBtn,2022-02-04 11:04:21+00:00,"Furnace Lane, Wellingborough ",False
1104,1345051162651873280,Sue99126139,2021-01-01 16:56:15+00:00,,False
1105,718421677453881344,Tuesday_Angel,2016-04-08 12:54:10+00:00,,False
1106,1079825209560129536,tsugurificc,2018-12-31 19:42:46+00:00,she 16 mixed,False
1107,1057509841202302976,projectmaynard1,2018-10-31 05:49:28+00:00,"Cameron, TX",False
1108,851482519031730178,alex_lanotte,2017-04-10 17:10:27+00:00,"Barletta-Andria-Trani, Puglia",False
1109,1176640496,SteveStevens47,2013-02-13 19:36:52+00:00,üî¥üî¥,False
1110,54331771,Voyagerairports,2009-07-06 21:02:15+00:00,"Northamptonshire, UK",False
1111,2311707889,Xmagma5,2014-01-26 11:36:36+00:00,,False
1112,1681948519,SavinPatoRio,2013-08-19 00:09:39+00:00,,False
1113,1050250344721084416,lovecartoongame,2018-10-11 05:02:49+00:00,,False
1114,121370906,ChartMill,2010-03-09 08:43:08+00:00,Belgium,False
1115,1521493386045317121,MameNadia,2022-05-03 14:15:02+00:00,,False
1116,441749551,Atherstone_G,2011-12-20 11:29:35+00:00,"Harare,Zimbabwe",False
1117,737099436,autosmotosnet,2012-08-04 17:26:33+00:00,Belgium,False
1118,798355543920287744,caraffair,2016-11-15 02:42:49+00:00,,False
1119,1034003490979409922,Jacobdcz7,2018-08-27 09:03:37+00:00,Espa√±a üá™üá¶,False
1120,858403412463038465,AdultNep789,2017-04-29 19:31:36+00:00,,False
1121,737099436,autosmotosnet,2012-08-04 17:26:33+00:00,Belgium,False
1122,290429849,TheatrMage,2011-04-30 08:01:51+00:00,,False
1123,1541123405407260672,meerkat_57,2022-06-26 18:17:18+00:00,,False
1124,723488722637959168,Imexpart_Ltd,2016-04-22 12:28:48+00:00,United Kingdom,False
1125,1482294703,DeviantDealer,2013-06-04 13:23:04+00:00,"Lenasia, South Africa",False
1126,1287815875286855680,hijiki0877,2020-07-27 18:23:33+00:00,,False
1127,137012395,catalanojr,2010-04-25 14:42:43+00:00,"-23.525816,-46.689886",False
1128,2343305572,mirulws44,2014-02-14 15:12:26+00:00,Team LH,False
1129,1517111128198893573,RefleksArt,2022-04-21 12:01:11+00:00,,False
1130,712301632474763264,SmarterChargers,2016-03-22 15:35:17+00:00,"Ely, UK",False
1131,997253391272132614,Alfrednator99,2018-05-17 23:11:51+00:00,"Brisbane, Queensland",False
1132,255674402,caroline_kidd,2011-02-21 20:57:23+00:00,"Wexford, Ireland",False
1133,115285091,EddyCodoMrTaboh,2010-02-18 05:37:28+00:00,Ampang,False
1134,1375122579380375552,paluuu_4,2021-03-25 16:29:16+00:00,mentally at an f1 gp,False
1135,3102931417,wangchadam,2015-03-22 08:34:51+00:00,,False
1136,297043798,mattkewF1,2011-05-11 20:48:53+00:00,,False
1137,3084924567,Liamkirk05,2015-03-10 21:53:11+00:00,"Sheffield, England",False
1138,20517081,autosport,2009-02-10 14:45:11+00:00,,True
1139,2598889810,UltimaTomberry,2014-06-10 21:42:23+00:00,Lost somewhere,False
1140,1069191561433501696,TrucksHand,2018-12-02 11:28:27+00:00,,False
1141,90250347,YunoGasai_Rules,2009-11-15 21:18:47+00:00,Ireland,False
1142,747149447621132288,Limorapp,2016-06-26 19:28:04+00:00,Ireland,False
1143,1478001466132647938,times_news24,2022-01-03 13:53:26+00:00,"New York, USA",False
1144,1069907466249416704,tsunderefandomr,2018-12-04 10:53:12+00:00,,False
1145,2946022354,ParkwayCarsUK,2014-12-28 15:57:09+00:00,"Nottingham, England",False
1146,1224682885929754625,autochat360,2020-02-04 13:15:39+00:00,world wide ,False
1147,260844783,nunnas22,2011-03-04 18:38:26+00:00,"Ampthill, Beds",False
1148,534312233,MB_IRELAND,2012-03-23 13:42:36+00:00,Dublin,False
1149,1099186549973872642,AyelTheDriver,2019-02-23 05:57:50+00:00,In Discord.,False
1150,1492194284925292549,AutomobilsportC,2022-02-11 17:50:57+00:00,"Luxembourg, Spain",False
1151,1174335540130279425,the_newsmen,2019-09-18 14:53:13+00:00,,False
1152,1408815901135323136,Phant982,2021-06-26 15:54:29+00:00,S√ºdwestdeutschland,False
1153,1330784784348454914,Monkey_Creators,2020-11-23 08:13:58+00:00,,False
1154,246015438,RyanQPRWilliams,2011-02-01 23:20:06+00:00,,False
1155,541190573,WadeeHabeebi,2012-03-30 22:58:44+00:00,Roseville ,False
1156,1238969403514982401,WhiteCaraSugar,2020-03-14 23:25:13+00:00,,False
1157,1424808488409124867,AmeliaShirogane,2021-08-09 19:03:17+00:00,,False
1158,1011956559910522880,FireMan18150560,2018-06-27 12:56:59+00:00,United Kingdom,False
1159,38649724,trackdays,2009-05-08 11:42:21+00:00,United Kingdom,False
1160,1336403274,audrey_is_shona,2013-04-08 11:37:24+00:00,"Johannesburg, South Africa.",False
1161,1521483884378169344,Ara_Ara_Lvr,2022-05-03 13:36:59+00:00,,False
1162,233299784,neilmbriscoe,2011-01-02 21:42:15+00:00,"Belfast, Northern Ireland",False
1163,38649724,trackdays,2009-05-08 11:42:21+00:00,United Kingdom,False
1164,2268320190,vampirecavy,2013-12-30 04:36:39+00:00,,False
1165,13560972,CarsAutosRides,2008-02-16 18:57:11+00:00,,False
1166,13560972,CarsAutosRides,2008-02-16 18:57:11+00:00,,False
1167,1535887257084825601,drive_talking,2022-06-12 07:30:44+00:00,Ireland,False
1168,737099436,autosmotosnet,2012-08-04 17:26:33+00:00,Belgium,False
1169,737099436,autosmotosnet,2012-08-04 17:26:33+00:00,Belgium,False
1170,1126589124419497984,Lemfaou,2019-05-09 20:45:53+00:00,,False
1171,1085276925344518145,Gary8Primus,2019-01-15 20:45:57+00:00,"South East, England",False
1172,1482294703,DeviantDealer,2013-06-04 13:23:04+00:00,"Lenasia, South Africa",False
